1,3,1,1,2,2,5,21
3,3,1,5,1,1,2,1
4,3,1,5,4,17,1,12
5,3,1,6,1,2,4,1
6,3,1,8,1,5,1,2
7,3,1,9,3,3,2,8
8,3,1,11,5,10,3,23
9,3,1,13,1,2,1,4
10,3,1,22,2,7,1,6
12,4,1,0,1,1,12,1
14,5,1,2,1,1,12,2
15,5,1,4,1,2,1,10
16,5,1,10,2,17,1,12
17,5,1,10,1,6,1,3
19,5,1,18,1,8,6,2
20,5,1,18,1,3,2,1
22,5,1,21,1,2,1,1
23,5,1,22,1,7,2,1
25,5,1,22,6,17,1,11
26,6,1,4,1,17,3,9
27,6,1,4,1,4,9,1
28,6,1,4,1,2,2,16
29,6,1,6,1,5,3,8
30,6,1,14,5,3,3,6
31,6,1,23,1,1,5,20
32,7,1,0,1,1,3,9
33,7,1,0,1,6,5,21
34,7,1,1,1,1,2,4
35,7,1,2,1,17,1,1
36,7,1,3,1,1,4,4
37,7,1,3,1,1,10,1
38,7,1,5,1,1,4,3
39,7,1,5,1,6,1,5
40,7,1,7,1,1,3,7
43,7,1,21,1,14,1,10
44,1,1,1,1,11,2,12
45,1,1,1,1,11,1,3
47,1,1,2,6,17,4,3
48,1,1,2,6,17,4,3
50,1,1,4,1,5,5,20
51,1,1,7,1,1,3,9
53,1,1,12,1,2,1,2
57,1,1,19,1,1,1,11
58,1,1,19,1,2,3,6
59,1,1,21,6,5,2,4
60,1,1,22,1,3,2,9
61,1,1,22,2,1,3,6
62,1,1,22,3,8,6,2
63,2,1,0,1,1,1,9
64,2,1,6,4,17,1,6
65,2,1,6,2,12,5,19
66,2,1,11,2,7,1,13
67,2,1,12,2,1,2,7
69,2,1,17,1,17,1,10
70,2,1,20,1,1,1,2
72,2,1,20,4,5,1,2
73,2,1,23,1,4,3,6
74,2,1,23,2,1,5,20
75,3,1,1,2,4,1,13
76,3,1,4,2,1,10,2
77,3,1,9,2,1,1,2
78,3,1,9,1,13,3,6
79,3,1,15,4,17,7,1
80,4,1,0,4,17,7,1
82,4,1,2,2,2,12,1
87,4,1,17,2,12,9,1
88,4,1,22,1,1,12,1
89,5,1,1,1,12,12,22
90,5,1,2,1,4,1,11
91,5,1,3,1,1,5,19
92,5,1,4,3,1,2,24
93,5,1,6,1,3,1,10
94,5,1,7,1,9,2,4
96,5,1,8,1,11,1,7
97,5,1,8,6,17,8,1
98,5,1,12,6,17,2,13
100,5,1,15,1,1,2,1
103,5,1,21,1,1,1,6
104,5,1,22,1,3,3,7
105,6,1,2,3,1,9,2
106,6,1,4,1,1,2,10
107,6,1,5,1,2,1,5
108,6,1,5,6,13,12,1
109,6,1,14,1,17,1,12
111,6,1,16,5,17,11,1
114,7,1,0,1,1,1,12
115,7,1,0,1,1,1,13
116,7,1,1,1,1,5,20
118,7,1,3,1,3,1,2
119,7,1,10,6,3,2,11
120,7,1,12,6,17,2,13
122,7,1,7,1,1,4,1
123,1,1,3,1,17,2,7
125,1,1,8,3,8,1,5
126,1,1,9,3,16,2,15
127,1,1,9,3,3,6,2
128,1,1,9,1,17,1,5
129,1,1,15,1,3,2,15
130,1,1,21,1,17,1,4
131,1,1,22,2,12,5,9
132,1,1,23,1,5,2,4
133,1,1,23,2,2,12,1
134,1,1,23,1,1,2,2
137,2,1,9,2,3,12,1
138,2,1,10,6,12,8,1
139,2,1,10,3,6,11,1
140,2,1,12,1,1,1,12
142,2,1,21,2,12,2,2
143,2,1,22,1,16,3,6
144,2,1,22,3,6,1,10
146,3,1,2,4,9,9,2
147,3,1,7,4,17,1,10
149,3,1,12,2,2,2,11
151,3,1,17,1,17,2,4
152,3,1,19,1,8,1,3
153,3,1,20,1,2,3,9
155,3,1,22,5,2,1,2
156,4,1,0,2,3,1,2
157,4,1,17,1,1,5,20
158,4,1,20,1,4,7,2
159,4,1,22,5,8,1,1
161,5,1,4,2,2,1,12
162,5,1,4,1,1,1,8
163,5,1,7,2,2,2,18
164,5,1,9,1,3,1,1
165,5,1,11,1,17,2,23
166,5,1,13,1,17,1,13
167,5,1,15,4,17,1,4
168,5,1,16,1,5,2,24
170,5,1,21,3,4,1,12
171,5,1,22,3,1,5,20
172,5,1,22,6,17,5,18
173,6,1,3,1,1,1,5
174,6,1,10,6,17,2,2
175,6,1,10,6,17,2,2
176,6,1,13,1,10,12,1
177,6,1,16,1,13,1,13
178,7,1,5,1,3,11,1
179,7,1,13,1,5,1,12
181,1,1,13,1,17,1,12
182,1,1,20,1,5,12,1
183,1,1,21,1,3,1,4
184,2,1,3,1,1,5,19
186,2,1,5,1,1,2,23
187,2,1,7,5,17,1,11
188,2,1,10,2,2,8,1
189,2,1,10,1,17,2,6
191,2,1,16,1,2,6,2
192,2,1,19,1,3,2,14
193,2,1,20,1,17,1,2
194,2,1,20,1,2,1,2
195,2,1,23,2,2,2,11
196,3,1,1,4,9,2,1
197,3,1,2,1,8,2,2
198,3,1,3,1,2,1,6
199,3,1,5,2,2,1,8
200,3,1,5,1,15,5,21
201,3,1,5,6,5,5,21
203,3,1,10,1,15,2,1
204,3,1,10,1,1,2,1
205,3,1,10,1,2,2,2
206,4,1,4,3,6,1,5
207,4,1,5,1,3,3,9
208,4,1,7,1,4,8,1
209,4,1,10,5,2,11,23
210,4,1,23,1,2,1,3
211,4,1,23,2,1,2,2
212,5,1,0,2,2,12,22
213,5,1,1,1,5,5,18
215,5,1,9,1,2,1,1
216,5,1,16,1,16,3,7
217,5,1,17,1,4,8,1
218,6,1,7,4,9,7,2
219,6,1,11,1,4,6,2
220,6,1,13,1,1,3,9
221,6,1,14,2,10,6,1
222,6,1,14,2,4,3,9
223,6,1,14,2,7,3,8
225,6,1,19,1,17,3,9
226,6,1,22,1,1,6,1
227,6,1,22,1,1,5,19
228,6,1,23,1,1,3,6
229,7,1,0,1,1,1,12
230,7,1,0,1,6,1,13
231,7,1,3,1,2,2,11
232,7,1,7,1,17,3,9
234,7,1,21,1,1,4,3
235,1,1,2,1,8,1,11
236,1,1,4,1,3,10,2
237,1,1,8,4,9,7,2
239,1,1,16,1,17,6,2
243,1,1,23,2,1,1,11
244,2,1,3,2,1,2,17
246,2,1,4,1,9,12,1
247,2,1,4,2,2,2,18
248,2,1,6,1,1,1,6
249,2,1,10,1,2,2,4
252,2,1,19,1,1,3,9
254,2,1,20,3,12,5,19
255,3,1,1,1,6,1,6
256,3,1,2,6,2,11,1
258,3,1,8,1,1,6,1
259,3,1,9,2,12,1,4
260,3,1,12,1,13,1,7
261,3,1,13,1,8,3,8
263,3,1,14,1,5,2,22
265,3,1,19,6,12,5,21
266,3,1,22,3,6,1,2
267,3,1,22,3,6,2,4
269,4,1,5,1,3,2,11
271,4,1,9,2,1,5,21
272,4,1,9,2,13,1,12
273,4,1,10,3,2,12,2
274,4,1,10,3,17,12,2
275,4,1,12,1,2,5,19
276,4,1,15,2,12,5,20
278,4,1,18,1,7,5,20
279,4,1,18,1,9,1,2
280,4,1,21,1,2,1,2
281,4,1,23,1,3,6,2
283,5,1,0,3,6,1,8
284,5,1,4,1,1,2,5
285,5,1,7,1,4,5,21
286,5,1,8,2,2,3,6
287,5,1,12,2,1,1,4
288,5,1,19,3,3,2,4
289,5,1,21,3,4,1,3
293,5,1,23,1,15,1,12
294,6,2,1,1,1,4,4
297,6,2,3,1,1,3,6
298,6,2,4,1,13,11,1
299,6,2,5,1,17,2,15
300,6,2,21,1,1,5,20
301,6,2,22,1,4,1,3
302,6,2,22,1,1,2,3
305,7,2,2,1,17,5,21
306,7,2,2,1,2,12,22
307,7,2,3,1,11,3,9
308,7,2,5,3,17,1,4
309,7,2,10,6,5,12,2
310,7,2,11,1,13,8,23
311,7,2,13,1,13,10,24
312,7,2,15,1,2,5,19
313,7,2,18,1,2,5,20
314,7,2,20,1,4,1,12
315,7,2,22,2,1,3,7
316,7,2,23,1,1,1,4
317,1,2,0,2,7,1,6
321,1,2,7,1,1,3,9
322,1,2,11,4,5,6,1
324,1,2,16,6,17,2,23
326,1,2,20,1,13,2,2
327,1,2,21,4,17,1,10
328,1,2,23,1,2,1,8
329,2,2,10,6,17,1,11
330,2,2,11,6,17,1,11
331,2,2,15,3,17,3,8
332,2,2,16,1,15,2,1
334,3,2,0,5,3,5,20
335,3,2,2,1,8,2,14
336,3,2,3,2,2,5,19
338,3,2,9,5,5,1,10
339,3,2,15,1,10,2,5
341,3,2,19,1,1,10,1
342,3,2,20,1,1,9,2
343,3,2,22,1,4,2,15
344,3,2,19,1,5,5,18
345,4,2,0,1,1,1,12
349,4,2,9,3,7,5,20
350,4,2,9,6,17,2,13
351,4,2,10,1,14,3,8
352,4,2,21,2,2,3,9
353,4,2,22,1,15,2,12
354,5,2,0,2,1,6,1
355,5,2,1,1,11,1,2
359,5,2,13,1,13,4,1
360,5,2,15,1,10,1,12
361,5,2,16,3,6,1,2
364,5,2,21,1,16,5,20
365,5,2,23,1,17,3,6
366,6,2,0,1,1,2,5
368,6,2,8,1,3,1,2
370,6,2,17,1,1,2,13
371,6,2,20,1,10,2,4
372,7,2,0,1,1,2,1
375,7,2,6,1,1,5,20
377,7,2,10,1,2,11,1
381,7,2,19,1,4,5,18
383,7,2,22,2,2,11,2
385,1,2,4,6,17,2,2
386,1,2,4,6,17,2,2
388,1,2,11,1,13,2,4
390,1,2,18,3,1,1,3
392,1,2,19,1,1,1,6
393,2,2,1,2,8,4,2
394,2,2,4,6,17,4,3
396,2,2,7,5,10,12,1
397,2,2,14,3,17,8,1
398,2,2,14,1,7,10,1
399,2,2,18,2,8,11,23
400,2,2,21,4,9,3,7
401,2,2,23,2,3,1,2
402,3,2,0,1,3,2,11
404,3,2,7,2,1,7,2
405,3,2,9,1,1,3,7
407,3,2,17,6,5,1,12
409,3,2,19,1,1,1,6
410,3,2,20,1,9,3,6
411,4,2,10,1,11,2,11
412,4,2,18,1,6,3,6
413,4,2,18,1,6,3,8
414,4,2,20,1,2,2,6
415,4,2,21,1,1,1,3
417,5,2,0,1,4,1,2
420,5,2,3,2,4,4,2
422,5,2,7,6,17,3,9
423,5,2,7,1,2,3,9
425,5,2,10,4,17,12,1
427,5,2,11,1,7,1,1
429,5,2,19,1,7,1,2
431,5,2,21,1,4,3,9
432,6,2,0,1,6,11,1
433,6,2,0,2,1,2,9
434,6,2,0,1,1,1,13
435,6,2,3,1,1,1,11
436,6,2,4,1,17,8,1
437,6,2,17,2,2,12,2
438,6,2,18,1,13,1,6
439,6,2,21,2,2,12,1
440,6,2,22,1,8,2,3
441,7,2,1,1,3,1,4
442,7,2,3,1,1,2,9
443,7,2,5,5,17,8,1
444,7,2,9,1,16,5,20
445,1,2,0,3,3,1,13
446,1,2,10,1,7,2,14
447,1,2,19,1,11,4,1
449,1,2,23,1,17,1,11
452,2,2,10,1,10,1,13
453,2,2,15,2,2,3,7
454,2,2,20,1,8,5,19
456,2,2,21,1,6,3,7
458,2,2,23,5,8,3,9
459,3,2,3,5,5,1,9
460,3,2,6,3,3,1,4
461,3,2,8,6,3,2,23
462,3,2,8,3,1,1,13
465,3,2,13,1,2,1,2
466,3,2,15,1,10,1,10
467,3,2,16,1,1,1,5
468,3,2,19,1,11,1,13
469,3,2,19,1,1,2,5
471,3,2,21,4,17,12,1
472,4,2,0,1,2,3,6
474,4,2,6,2,12,1,6
475,4,2,7,3,5,1,12
476,4,2,7,5,15,1,9
477,4,2,9,2,2,2,7
478,4,2,13,1,2,7,1
479,4,2,22,1,1,1,3
481,5,2,4,1,11,4,1
484,5,2,7,1,5,1,10
485,5,2,12,1,4,1,6
486,5,2,18,1,3,2,2
487,5,2,18,1,5,2,3
489,5,2,20,1,1,1,12
490,5,2,22,1,1,2,3
491,5,2,23,5,6,2,4
492,5,2,23,1,1,9,1
493,6,2,2,4,17,3,7
494,6,2,6,2,2,4,1
497,6,2,14,1,17,1,11
498,6,2,18,1,4,3,9
499,6,2,19,1,2,8,24
500,6,2,19,1,17,2,6
502,6,2,21,2,1,1,4
503,6,2,23,6,2,2,13
505,7,2,4,2,12,11,1
506,7,2,12,6,5,1,12
508,7,2,22,3,3,6,2
509,7,2,23,2,1,2,15
510,7,2,8,5,3,12,1
511,1,2,4,1,1,1,13
512,1,2,10,2,2,1,10
513,1,2,11,6,17,2,23
514,1,2,11,6,17,2,23
517,1,2,22,5,5,2,7
518,1,2,22,2,2,1,12
519,1,2,23,1,2,6,2
520,1,2,23,2,1,1,3
523,2,2,2,3,12,3,7
524,2,2,3,1,4,10,2
527,2,2,23,1,1,2,16
529,3,2,2,1,15,6,1
530,3,2,3,1,3,1,1
531,3,2,4,1,9,5,20
532,3,2,7,1,17,3,9
533,3,2,21,1,9,3,7
534,3,2,23,1,4,1,1
535,4,2,2,2,4,1,3
536,4,2,3,2,12,1,8
537,4,2,5,1,1,3,9
539,4,2,8,2,2,2,7
540,4,2,11,1,10,2,11
541,4,2,11,1,3,1,12
542,4,2,16,2,2,10,1
543,4,2,22,1,1,1,8
544,4,2,23,1,1,2,15
545,5,2,1,2,2,1,2
548,5,2,9,2,2,1,7
549,5,2,12,1,1,7,2
550,5,2,13,1,17,8,23
551,5,2,14,6,17,5,18
552,5,2,15,1,4,3,7
554,5,2,19,1,8,2,5
556,5,2,21,1,11,1,3
557,5,2,21,1,6,1,3
561,6,3,5,3,17,1,2
562,6,3,6,1,3,1,12
564,6,3,8,2,1,5,19
565,6,3,8,1,17,1,11
567,6,3,21,3,4,1,2
568,6,3,22,2,1,1,3
569,7,3,1,2,2,4,3
570,7,3,3,1,1,11,1
572,7,3,5,1,1,2,5
573,7,3,5,4,17,7,2
574,7,3,8,1,17,2,5
575,7,3,10,1,1,1,5
576,7,3,16,1,6,1,6
577,7,3,20,1,4,1,4
578,7,3,22,1,5,1,2
579,7,3,22,1,1,1,11
580,1,3,11,1,1,4,2
581,1,3,23,1,1,1,2
582,1,3,23,2,2,5,18
583,2,3,0,2,1,2,9
584,2,3,0,1,1,2,3
585,2,3,7,1,9,12,1
586,2,3,13,1,14,2,1
587,2,3,14,3,1,2,14
588,2,3,19,1,10,1,2
589,2,3,19,1,9,1,3
592,3,3,2,1,1,1,9
593,3,3,10,2,8,3,8
594,3,3,13,2,1,2,22
595,3,3,14,6,13,2,5
597,4,3,1,1,4,2,12
600,4,3,19,1,3,2,1
601,4,3,21,3,3,3,7
602,5,3,0,1,17,3,8
608,6,3,1,3,5,4,2
609,6,3,2,1,15,6,1
611,6,3,3,1,8,2,7
613,6,3,4,1,4,5,19
618,6,3,22,1,4,5,21
620,6,3,23,1,1,3,7
621,7,3,0,1,4,4,1
622,7,3,1,1,2,2,22
624,7,3,6,1,11,2,23
625,7,3,11,1,1,2,14
626,7,3,21,1,3,1,6
629,1,3,6,1,10,1,13
630,1,3,6,1,6,12,1
631,1,3,17,1,2,10,1
633,1,3,20,1,8,7,2
634,1,3,21,1,16,5,20
635,2,3,5,1,11,1,10
636,2,3,6,1,17,2,3
637,2,3,12,2,2,5,18
638,2,3,16,3,5,1,2
639,2,3,18,1,3,9,2
642,2,3,21,3,4,2,9
643,2,3,21,1,16,11,1
644,3,3,2,1,2,1,10
645,3,3,9,1,7,5,19
646,3,3,12,6,17,3,9
647,3,3,14,1,1,1,13
652,4,3,2,1,11,2,10
653,4,3,4,1,14,1,7
655,4,3,7,1,1,2,8
657,4,3,7,2,2,1,8
660,4,3,15,1,2,1,6
661,4,3,15,1,13,1,4
662,4,3,18,1,2,2,18
663,4,3,18,1,1,1,2
665,4,3,23,1,8,1,1
666,5,3,4,4,17,1,12
667,5,3,22,1,2,1,2
671,6,3,13,1,3,1,2
672,6,3,20,1,1,1,10
674,6,3,22,1,12,3,9
675,7,3,0,1,17,5,20
676,7,3,1,1,4,1,9
677,7,3,3,2,13,1,2
678,7,3,4,2,2,4,2
679,7,3,5,1,17,6,1
680,7,3,9,1,4,1,2
682,7,3,20,1,3,1,3
683,7,3,20,3,6,1,2
684,7,3,21,1,2,3,7
686,7,3,23,1,5,1,6
687,1,3,0,2,4,4,3
688,1,3,1,1,4,2,9
689,1,3,2,4,17,7,2
690,1,3,2,1,4,12,2
693,1,3,18,1,1,10,1
694,1,3,22,1,1,2,3
695,1,3,12,1,1,2,11
697,2,3,4,6,12,1,3
698,2,3,17,1,1,3,6
700,2,3,20,1,2,6,2
702,2,3,22,1,6,1,3
703,2,3,23,3,4,3,6
705,3,3,0,1,16,3,9
706,3,3,15,1,1,6,23
709,3,3,20,1,1,1,11
710,3,3,21,1,5,3,9
711,4,3,3,4,9,1,8
712,4,3,10,2,2,3,6
713,4,3,11,1,2,5,21
714,4,3,12,1,4,2,5
715,4,3,13,1,17,9,1
716,4,3,14,1,17,12,1
717,4,3,18,5,3,2,9
718,4,3,21,1,3,2,9
720,5,3,7,3,1,1,10
723,5,3,20,1,2,3,6
724,5,3,21,1,1,1,5
725,6,3,1,1,3,5,19
728,6,3,5,1,6,5,20
730,6,3,10,1,17,1,3
731,6,3,12,1,8,1,3
732,6,3,13,1,7,2,5
733,6,3,14,3,6,2,2
734,6,3,16,1,1,1,3
736,6,3,20,1,3,3,7
737,6,3,22,1,17,1,3
738,6,3,23,1,13,8,1
740,7,3,2,1,15,3,9
741,7,3,3,1,17,1,3
742,7,3,4,2,1,5,19
745,7,3,5,3,6,2,2
746,7,3,6,4,17,9,1
747,7,3,8,1,4,12,1
748,7,3,12,6,17,4,22
751,7,3,23,1,2,3,9
752,1,3,1,2,2,3,9
754,1,3,7,1,16,1,10
755,1,3,12,1,1,8,2
756,1,3,16,1,3,2,1
757,1,3,17,1,17,1,3
760,1,3,23,1,11,6,1
762,2,3,0,2,1,2,3
763,2,3,7,1,1,1,4
765,2,3,9,1,17,1,9
766,2,3,10,1,8,2,1
767,2,3,18,1,3,3,9
769,2,3,21,6,2,9,3
773,3,3,0,1,5,1,1
776,3,3,7,3,1,2,20
777,3,3,10,1,15,1,2
778,3,3,18,1,1,1,11
779,3,3,20,1,1,11,1
780,4,3,3,3,6,1,9
782,4,3,6,4,17,2,14
783,4,3,10,6,13,3,9
784,4,3,11,5,15,9,3
786,4,3,23,1,1,3,8
787,4,3,23,3,17,2,15
788,5,3,1,1,3,2,3
790,5,3,5,4,9,1,7
791,5,3,7,1,15,7,2
792,5,3,10,3,1,1,2
793,5,3,11,6,17,4,1
797,5,3,20,1,1,2,4
799,5,3,23,6,5,3,6
800,5,3,23,6,5,2,15
801,6,3,3,1,17,2,6
802,6,3,3,1,6,1,3
804,6,3,22,2,2,3,9
805,7,3,0,1,1,1,12
806,7,3,2,1,9,3,9
808,7,3,4,1,3,3,7
810,7,3,10,1,11,3,8
811,7,3,11,1,1,2,13
812,7,3,20,1,2,2,6
814,7,3,22,2,3,3,7
815,1,3,4,6,17,12,1
816,1,3,15,1,13,6,2
817,1,3,17,3,1,1,8
818,1,3,20,2,1,4,1
819,1,3,22,1,5,3,9
822,2,4,10,3,6,1,9
823,2,4,12,3,5,4,22
824,2,4,19,3,1,1,2
825,2,4,20,1,14,3,7
826,3,4,2,3,5,4,22
827,3,4,3,1,6,1,3
829,3,4,9,1,8,1,4
830,3,4,11,1,2,1,5
831,3,4,13,1,3,3,7
832,4,4,1,1,17,3,9
836,4,4,9,1,2,2,2
838,4,4,16,1,17,5,18
839,4,4,19,1,10,2,6
841,5,4,5,1,14,4,1
842,5,4,6,6,3,1,4
844,5,4,9,1,1,1,5
845,5,4,9,2,2,2,13
846,5,4,10,2,4,1,4
847,5,4,19,4,17,7,2
848,5,4,20,1,6,1,2
849,5,4,20,1,1,3,8
850,5,4,21,1,5,1,12
852,5,4,22,1,6,5,21
853,5,4,23,1,1,4,1
854,6,4,0,1,7,1,13
855,6,4,2,4,17,5,18
856,6,4,2,2,7,2,2
857,6,4,3,6,17,1,9
858,6,4,8,6,5,5,20
859,6,4,10,1,2,4,4
862,7,4,3,3,6,10,2
863,7,4,4,1,3,3,6
864,7,4,7,1,4,2,1
866,7,4,8,6,17,2,23
867,7,4,10,1,11,2,1
868,7,4,11,4,17,1,7
869,7,4,19,1,3,5,20
870,7,4,21,6,17,2,23
872,1,4,8,1,6,12,3
874,1,4,13,5,15,6,1
875,1,4,14,1,2,1,9
876,1,4,17,1,1,3,9
877,1,4,22,1,10,2,4
878,2,4,5,6,17,12,23
880,2,4,9,1,1,2,11
881,2,4,13,1,6,3,6
884,3,4,17,2,1,6,1
885,3,4,21,1,1,3,8
886,4,4,0,1,17,1,11
887,4,4,1,4,17,1,2
890,4,4,9,2,17,11,1
891,4,4,12,3,6,1,2
892,4,4,13,2,2,2,1
894,4,4,18,1,1,5,21
900,5,4,3,1,1,2,11
901,5,4,4,1,1,1,2
903,5,4,12,1,2,6,1
904,5,4,14,1,17,2,5
909,5,4,20,3,6,1,6
911,5,4,22,4,17,7,2
912,5,4,22,1,4,8,1
913,5,4,22,1,3,1,11
914,6,4,0,1,1,1,11
916,6,4,7,3,1,2,5
919,6,4,20,2,1,1,7
921,1,4,9,1,17,1,1
923,1,4,18,2,2,8,23
924,1,4,23,6,3,11,1
926,2,4,2,1,1,9,1
927,2,4,2,3,17,2,1
928,2,4,6,6,17,2,5
931,2,4,7,2,12,3,9
933,2,4,8,2,4,1,6
937,2,4,19,5,10,1,1
938,2,4,21,1,1,2,15
939,2,4,21,3,6,1,3
940,2,4,22,1,7,1,13
941,2,4,23,1,9,1,4
943,3,4,4,5,5,1,2
944,3,4,6,6,17,1,8
947,3,4,17,1,1,1,3
948,3,4,20,1,1,1,2
950,3,4,21,6,17,3,9
952,4,4,0,1,17,1,1
953,4,4,7,3,6,5,20
955,4,4,14,3,17,1,6
956,4,4,16,1,17,2,6
959,4,4,21,1,1,9,2
961,5,4,0,1,17,2,15
962,5,4,1,1,7,1,3
963,5,4,3,1,6,1,4
964,5,4,4,1,2,3,6
966,5,4,7,4,17,1,13
971,5,4,22,3,1,2,16
972,6,4,0,5,5,4,22
973,6,4,5,1,1,12,1
975,6,4,10,1,5,3,9
976,6,4,16,1,10,9,2
977,6,4,18,1,2,9,4
978,6,4,22,1,3,2,7
979,6,4,22,1,4,1,5
981,7,4,0,1,1,1,4
983,7,4,2,6,3,1,4
984,7,4,4,1,17,2,3
985,7,4,4,1,15,1,2
986,7,4,7,1,2,9,1
987,7,4,9,1,1,6,2
988,7,4,11,1,15,1,13
989,7,4,14,1,4,1,2
990,7,4,14,1,2,2,6
991,7,4,18,2,16,2,22
993,1,4,10,1,15,2,14
994,1,4,12,3,1,4,1
995,1,4,14,1,4,3,8
997,1,4,15,2,2,9,3
998,1,4,18,6,1,2,24
999,1,4,20,1,10,1,11
1000,1,4,20,2,1,4,2
1001,1,4,21,1,1,12,1
1003,1,4,22,1,10,1,2
1005,2,4,2,6,17,4,2
1006,2,4,2,6,17,4,2
1008,2,4,4,2,2,3,6
1013,2,4,7,2,2,9,3
1014,2,4,18,6,3,1,12
1015,2,4,21,3,17,9,2
1016,2,4,21,3,17,1,3
1017,2,4,22,1,9,1,2
1019,3,4,9,2,1,2,1
1020,3,4,11,3,17,1,1
1021,3,4,16,6,1,1,8
1022,3,4,16,2,2,2,6
1026,4,4,6,6,17,3,9
1028,4,4,10,1,3,1,9
1029,4,4,10,1,3,2,16
1030,4,4,11,1,8,2,9
1031,4,4,19,2,1,1,3
1032,4,4,21,1,1,1,1
1033,5,4,1,1,14,2,5
1034,5,4,4,6,13,2,11
1035,5,4,6,1,9,9,2
1036,5,4,17,1,9,1,6
1037,5,4,20,1,4,1,6
1039,5,4,21,1,9,1,2
1040,6,4,1,3,5,1,2
1041,6,4,1,2,1,6,1
1042,6,4,3,1,1,5,19
1043,6,4,3,1,17,5,20
1044,6,4,3,1,1,3,9
1046,6,4,5,2,3,2,11
1048,6,4,15,1,7,3,7
1049,6,4,17,1,1,10,2
1052,6,4,22,1,2,2,2
1053,6,4,22,2,2,1,10
1054,6,4,22,1,3,3,7
1055,7,4,3,1,5,2,15
1058,7,4,18,2,2,3,6
1060,1,4,0,1,6,2,11
1061,1,4,3,1,1,1,10
1062,1,4,7,1,6,2,10
1063,1,4,9,1,2,1,9
1064,1,4,10,6,17,1,13
1065,1,4,18,2,4,2,7
1067,1,4,21,1,2,5,21
1068,1,4,22,1,1,3,6
1069,2,4,0,2,1,7,1
1070,2,4,0,1,7,1,13
1071,2,4,4,4,17,12,1
1073,2,4,6,1,11,12,1
1074,2,4,9,4,17,2,11
1075,2,4,21,1,11,2,1
1076,2,4,21,1,1,1,4
1077,3,4,1,2,1,1,1
1078,3,4,10,1,4,1,8
1079,3,4,18,2,2,4,1
1080,3,4,18,1,8,3,7
1081,3,4,20,1,17,1,10
1082,3,4,20,6,17,1,12
1083,3,4,21,2,2,1,2
1084,4,5,2,5,15,1,3
1085,4,5,3,1,16,2,5
1086,4,5,6,1,13,1,4
1087,4,5,8,1,8,12,1
1088,4,5,9,1,3,12,1
1090,4,5,11,4,17,1,7
1091,4,5,16,1,1,1,8
1092,4,5,16,1,3,2,10
1094,4,5,18,6,17,2,13
1095,4,5,19,1,1,10,2
1096,4,5,19,1,1,12,1
1097,4,5,19,3,17,2,6
1101,5,5,4,3,3,10,23
1102,5,5,6,4,17,1,6
1104,5,5,17,1,7,1,8
1105,5,5,20,1,17,1,3
1106,5,5,23,1,4,2,1
1107,6,5,1,1,1,1,11
1108,6,5,2,1,9,1,3
1109,6,5,3,1,7,6,22
1110,6,5,8,1,3,4,4
1111,6,5,9,3,6,2,17
1112,6,5,11,1,6,1,2
1113,6,5,16,1,2,2,2
1116,6,5,22,1,1,7,3
1117,7,5,6,1,1,2,17
1119,7,5,20,1,1,2,3
1120,1,5,0,1,1,3,9
1122,1,5,15,1,1,1,2
1123,1,5,19,1,9,1,2
1124,1,5,19,2,1,10,22
1125,1,5,20,6,17,6,1
1129,2,5,6,1,8,1,13
1130,2,5,9,3,3,1,4
1131,2,5,12,1,17,8,23
1132,2,5,17,1,5,5,21
1133,2,5,20,3,17,1,2
1134,2,5,21,1,3,1,6
1135,3,5,0,1,1,1,6
1136,3,5,5,6,17,1,9
1137,3,5,7,1,3,2,23
1138,3,5,13,1,10,12,2
1139,3,5,17,1,13,1,2
1140,3,5,17,1,3,3,9
1141,3,5,19,1,1,1,2
1142,4,5,15,1,1,2,23
1143,4,5,20,3,12,1,4
1144,4,5,21,1,1,1,2
1145,5,5,1,1,11,2,4
1146,5,5,2,1,3,5,18
1149,5,5,13,1,1,1,2
1150,5,5,15,2,2,10,1
1151,5,5,22,1,10,1,2
1152,6,5,0,1,2,1,3
1154,6,5,5,2,4,3,6
1155,6,5,9,2,2,2,1
1156,6,5,18,1,1,2,18
1157,6,5,20,1,11,1,2
1158,6,5,23,1,3,3,7
1160,7,5,1,1,2,5,18
1161,7,5,4,1,2,2,2
1162,7,5,4,1,6,3,7
1167,7,5,10,1,6,2,6
1169,7,5,20,1,6,3,9
1172,1,5,5,3,6,2,6
1173,1,5,10,1,10,6,1
1174,1,5,12,4,17,1,11
1175,1,5,13,3,4,6,1
1176,1,5,16,1,1,6,22
1177,1,5,17,1,1,1,13
1178,1,5,19,1,2,2,1
1179,1,5,20,2,13,1,6
1182,2,5,1,4,5,1,10
1183,2,5,3,1,8,5,18
1184,2,5,3,4,9,1,2
1187,2,5,7,3,2,5,18
1189,2,5,11,5,10,1,3
1190,2,5,15,3,3,5,20
1191,2,5,16,5,17,8,24
1193,2,5,19,4,17,9,2
1194,2,5,21,1,10,1,13
1195,2,5,21,4,9,1,4
1196,3,5,0,4,17,1,8
1197,3,5,2,1,2,11,1
1199,3,5,10,4,9,1,7
1202,3,5,17,1,1,1,2
1204,4,5,3,1,17,12,2
1205,4,5,5,5,3,2,14
1207,4,5,14,1,13,9,23
1209,4,5,14,5,2,12,1
1210,4,5,18,1,1,1,13
1211,4,5,19,1,1,4,18
1212,4,5,20,4,17,9,2
1214,5,5,5,1,1,2,14
1215,5,5,7,1,1,1,9
1216,5,5,10,4,17,1,4
1217,5,5,12,1,3,1,4
1218,5,5,15,1,8,1,2
1219,5,5,15,2,1,8,2
1220,5,5,15,1,5,8,23
1221,5,5,16,1,1,1,4
1222,5,5,17,1,2,5,18
1223,5,5,18,1,6,1,2
1225,5,5,19,1,1,2,4
1228,5,5,22,1,6,2,22
1229,5,5,23,1,9,8,1
1230,6,5,0,1,17,1,4
1231,6,5,3,3,1,1,11
1232,6,5,5,1,4,5,20
1233,6,5,7,6,2,1,13
1234,6,5,7,1,3,2,17
1237,6,5,13,1,2,12,1
1238,6,5,19,6,17,12,22
1240,7,5,4,1,3,1,3
1241,7,5,8,2,2,1,9
1243,7,5,10,1,13,1,4
1244,7,5,10,3,6,2,15
1247,1,5,3,1,14,1,3
1248,1,5,4,4,17,1,6
1249,1,5,6,1,3,2,17
1253,1,5,11,5,5,1,3
1254,1,5,11,1,16,2,6
1255,1,5,11,1,14,1,13
1256,1,5,14,1,1,1,6
1257,1,5,19,1,17,12,1
1258,1,5,20,3,1,2,1
1259,2,5,5,1,1,1,5
1260,2,5,8,1,1,1,6
1261,2,5,9,2,1,4,1
1262,2,5,10,1,15,1,4
1265,2,5,19,2,1,1,2
1267,3,5,0,1,3,5,18
1268,3,5,9,2,1,7,2
1269,3,5,14,1,14,1,2
1270,3,5,14,1,13,2,12
1272,3,5,19,3,6,1,2
1273,3,5,21,1,1,1,10
1275,3,5,23,1,15,5,20
1276,3,5,23,2,13,1,11
1278,4,5,4,2,1,1,9
1281,4,5,11,6,17,8,1
1282,4,5,12,2,1,1,2
1283,4,5,20,5,15,1,2
1286,4,5,21,1,17,3,6
1288,4,5,22,2,2,4,3
1289,5,5,3,3,6,1,9
1290,5,5,4,4,17,7,3
1291,5,5,4,4,17,7,3
1292,5,5,4,4,5,7,3
1294,5,5,4,4,17,7,3
1295,5,5,4,4,17,7,3
1296,5,5,4,4,17,7,3
1297,5,5,4,4,17,7,3
1298,5,5,4,4,17,7,3
1299,5,5,4,4,17,7,3
1300,5,5,4,4,9,7,3
1301,5,5,4,4,17,7,3
1302,5,5,4,4,17,7,3
1303,5,5,11,2,1,1,3
1304,5,5,13,2,2,1,9
1306,5,5,17,1,1,2,10
1307,5,5,18,4,17,7,3
1308,5,5,18,1,1,1,2
1310,6,5,18,1,1,2,17
1311,6,5,19,1,8,3,8
1313,7,5,1,1,1,10,2
1314,7,5,2,1,3,1,2
1316,7,5,11,1,11,1,13
1317,7,5,18,1,7,1,3
1318,7,5,22,1,4,1,3
1321,1,5,8,1,1,3,9
1322,1,5,8,3,6,2,6
1323,1,5,10,3,4,1,8
1326,1,5,18,4,17,7,3
1327,1,5,19,2,12,2,4
1334,1,5,22,1,7,2,1
1335,1,5,23,4,5,1,6
1336,2,5,0,2,2,4,4
1337,2,5,3,1,3,2,16
1339,2,5,15,1,12,1,12
1340,2,5,18,1,8,2,9
1342,3,5,2,2,2,1,2
1343,3,5,7,1,1,2,3
1344,3,5,12,2,4,1,7
1345,3,5,17,1,10,1,3
1346,3,5,20,1,17,4,2
1347,3,5,20,1,1,2,24
1348,3,5,20,1,10,1,1
1349,3,5,22,1,17,1,12
1350,3,5,22,1,1,1,3
1351,4,5,5,6,17,2,4
1352,4,5,6,6,17,2,4
1353,4,5,7,2,1,2,16
1354,4,5,11,4,9,7,2
1355,4,5,16,2,1,8,2
1356,4,5,17,1,1,2,6
1357,4,5,20,1,7,2,17
1358,4,5,20,1,14,2,17
1359,4,5,22,1,9,1,3
1361,4,5,23,2,2,1,6
1362,5,5,1,2,7,1,2
1363,5,5,6,6,1,8,23
1364,5,5,14,1,4,1,12
1365,5,5,16,1,3,3,7
1368,5,5,22,1,6,3,6
1369,5,5,22,1,1,9,1
1372,6,5,13,1,17,3,9
1373,6,5,13,1,1,2,5
1374,6,5,15,1,1,4,2
1375,6,5,23,3,1,2,1
1376,7,6,3,1,1,1,2
1379,7,6,4,1,3,1,13
1380,7,6,5,1,3,2,4
1381,7,6,11,1,10,1,5
1382,7,6,11,4,17,1,6
1383,7,6,15,1,2,1,11
1384,7,6,19,1,1,1,2
1385,7,6,20,1,1,1,13
1386,7,6,22,1,2,4,1
1387,7,6,22,1,9,5,20
1388,7,6,23,1,6,1,3
1389,7,6,0,1,1,4,1
1390,1,6,6,2,2,1,9
1391,1,6,7,1,6,1,9
1392,1,6,12,1,6,3,6
1393,1,6,14,4,17,1,6
1394,1,6,15,2,2,4,2
1395,1,6,22,1,2,1,10
1396,1,6,22,1,1,4,2
1398,2,6,7,1,17,3,9
1400,2,6,14,1,1,3,9
1401,2,6,21,1,2,3,6
1402,2,6,22,3,6,1,6
1403,2,6,23,1,2,7,3
1404,3,6,4,1,2,2,9
1405,3,6,8,2,1,1,4
1406,3,6,9,1,4,9,3
1407,3,6,18,2,1,1,2
1408,3,6,18,1,1,10,24
1409,3,6,19,1,6,1,4
1411,3,6,20,1,5,1,2
1412,3,6,22,1,1,2,1
1413,4,6,0,1,1,2,1
1414,4,6,1,1,3,2,1
1415,4,6,7,1,1,8,2
1416,4,6,8,2,14,8,1
1418,4,6,13,1,17,1,13
1419,4,6,18,1,3,10,2
1420,4,6,20,1,17,1,2
1421,4,6,20,1,1,2,15
1422,4,6,20,2,2,3,8
1424,4,6,23,4,17,2,16
1425,5,6,0,4,9,2,1
1426,5,6,2,6,17,3,8
1427,5,6,7,2,3,5,20
1428,5,6,8,5,3,12,1
1429,5,6,12,2,1,10,1
1430,5,6,12,1,1,2,5
1431,5,6,14,1,11,1,12
1432,5,6,14,1,17,2,1
1433,5,6,17,5,10,1,2
1434,5,6,17,6,17,12,23
1435,5,6,17,6,17,12,23
1436,5,6,18,2,1,1,4
1438,5,6,22,3,5,1,1
1439,5,6,23,2,1,2,13
1440,6,6,2,1,5,2,9
1442,6,6,12,1,17,1,2
1443,6,6,14,1,1,2,14
1444,6,6,17,1,1,4,2
1446,6,6,21,1,6,1,5
1448,7,6,0,1,17,12,1
1449,7,6,2,1,2,9,1
1450,7,6,3,1,1,4,3
1451,7,6,3,1,3,5,21
1452,7,6,10,5,15,4,3
1453,7,6,11,1,4,3,9
1456,7,6,22,1,17,3,8
1458,1,6,5,4,9,1,12
1459,1,6,6,1,9,2,1
1460,1,6,6,1,17,1,7
1462,1,6,16,2,1,10,1
1464,2,6,3,4,17,1,13
1469,2,6,10,1,4,5,18
1471,2,6,17,1,1,3,9
1473,2,6,19,1,1,1,2
1474,2,6,23,2,2,2,24
1475,2,6,23,1,14,2,11
1476,3,6,1,3,5,6,1
1477,3,6,5,4,17,1,13
1478,3,6,6,2,2,3,9
1480,3,6,11,1,10,3,9
1481,3,6,13,1,17,3,9
1482,3,6,15,1,1,2,15
1483,3,6,16,1,10,3,7
1484,3,6,17,1,6,5,20
1485,3,6,19,1,2,1,3
1486,3,6,19,1,6,1,2
1487,3,6,19,1,2,1,4
1488,4,6,7,6,3,1,4
1489,4,6,11,1,1,2,6
1491,4,6,12,6,17,2,13
1493,5,6,1,1,1,2,5
1495,5,6,9,1,9,1,2
1497,5,6,13,1,11,1,5
1498,5,6,17,2,2,1,1
1499,5,6,19,1,6,5,20
1500,5,6,19,1,1,2,24
1501,6,6,1,2,1,1,2
1502,6,6,2,1,7,2,3
1503,6,6,3,1,1,2,6
1504,6,6,4,6,17,2,14
1505,6,6,4,6,17,2,14
1506,6,6,4,6,17,2,14
1508,6,6,12,1,6,8,1
1509,6,6,14,1,17,4,3
1510,6,6,23,1,3,1,8
1511,7,6,3,1,4,5,21
1512,7,6,17,1,11,2,12
1513,7,6,19,1,1,2,4
1516,1,6,0,1,1,6,1
1517,1,6,0,1,4,1,10
1519,1,6,7,2,1,3,6
1520,1,6,10,1,14,2,6
1521,1,6,20,1,11,2,5
1522,1,6,22,3,12,2,7
1523,1,6,23,1,11,1,11
1524,2,6,2,1,2,1,1
1526,2,6,7,3,4,1,9
1527,2,6,8,3,1,2,12
1528,2,6,8,5,10,2,11
1530,2,6,12,1,5,6,1
1531,2,6,17,1,3,5,20
1532,2,6,20,1,1,3,9
1533,2,6,22,1,14,1,7
1535,3,6,20,2,2,7,4
1536,3,6,21,1,6,1,2
1537,4,6,0,1,1,7,2
1543,4,6,11,1,11,2,6
1544,4,6,12,1,1,1,2
1545,4,6,21,1,1,2,16
1546,4,6,21,4,17,1,13
1548,5,6,3,5,5,1,9
1551,5,6,6,6,17,1,10
1552,5,6,7,6,17,3,9
1553,5,6,7,6,17,12,23
1556,5,6,11,3,17,1,1
1558,5,6,15,6,17,1,6
1560,5,6,19,1,1,4,2
1562,5,6,21,1,2,7,2
1563,5,6,22,1,1,3,7
1565,6,6,6,1,3,2,15
1566,6,6,14,6,5,2,5
1567,6,6,16,2,3,4,1
1568,6,6,18,1,9,1,2
1569,6,6,22,3,17,1,10
1570,6,6,23,3,2,1,2
1571,7,6,0,3,1,3,7
1572,7,6,1,1,1,2,3
1574,7,6,8,1,17,1,13
1575,7,6,21,1,1,1,2
1576,7,6,23,3,17,11,23
1577,7,6,23,3,6,10,2
1578,1,6,2,6,8,3,7
1579,1,6,3,1,11,1,9
1580,1,6,4,1,2,1,7
1581,1,6,4,3,5,2,6
1582,1,6,7,1,17,2,9
1583,1,6,11,1,1,1,2
1584,1,6,11,1,17,1,9
1588,1,6,19,1,1,4,2
1593,2,6,16,1,6,3,8
1594,2,6,19,1,6,2,1
1595,2,6,19,3,17,1,1
1596,2,6,19,1,9,2,23
1597,2,6,22,2,2,4,2
1598,2,6,23,1,1,10,1
1599,3,6,3,1,9,1,13
1602,3,6,8,1,1,7,3
1603,3,6,11,6,17,2,23
1604,4,6,0,1,2,9,1
1608,4,6,9,1,1,2,16
1609,4,6,9,1,14,1,10
1610,4,6,20,4,17,2,1
1611,4,6,22,6,5,3,6
1613,5,6,12,1,1,4,2
1614,5,6,19,1,2,1,12
1615,5,6,21,1,8,1,10
1617,5,6,23,1,6,5,19
1618,6,6,1,3,3,1,2
1619,6,6,2,1,3,1,7
1622,6,6,5,1,2,2,4
1623,6,6,9,1,9,3,7
1624,6,6,11,2,1,3,6
1625,6,6,15,6,3,1,2
1626,6,6,18,4,9,5,18
1627,6,6,19,6,17,11,1
1628,6,6,19,1,2,3,6
1629,6,6,20,1,17,1,13
1630,6,6,22,6,12,11,1
1632,7,6,2,1,1,2,4
1633,7,6,6,5,16,3,9
1637,7,6,17,1,6,7,1
1639,7,6,20,3,6,1,2
1641,1,6,4,2,1,2,11
1642,1,6,5,1,2,2,6
1644,1,6,10,1,1,12,24
1645,1,6,12,1,1,4,1
1646,1,6,15,1,1,4,15
1649,1,6,18,4,17,1,4
1650,1,6,18,1,1,2,14
1651,2,7,7,1,16,7,2
1653,2,7,16,3,7,7,2
1658,3,7,4,1,15,6,1
1660,3,7,7,2,2,1,13
1661,3,7,7,1,12,2,1
1662,3,7,9,2,2,6,2
1663,3,7,13,6,3,3,9
1664,3,7,17,2,1,1,4
1665,3,7,20,2,3,3,8
1666,3,7,21,1,1,3,9
1667,3,7,22,1,1,2,6
1669,4,7,2,1,1,5,20
1671,4,7,7,1,1,2,2
1674,4,7,9,3,3,1,3
1678,5,7,11,3,6,2,16
1679,5,7,14,4,17,1,3
1680,5,7,20,6,5,2,1
1682,6,7,1,1,2,1,3
1683,6,7,1,4,17,1,12
1685,6,7,2,2,2,2,6
1687,6,7,19,1,3,1,2
1688,6,7,21,1,8,1,12
1690,7,7,5,2,2,1,10
1691,1,7,7,4,9,1,8
1692,1,7,11,3,12,1,4
1693,1,7,12,6,12,1,6
1695,1,7,20,1,2,1,4
1696,1,7,22,2,2,2,17
1697,1,7,23,1,12,1,4
1699,2,7,18,1,2,2,5
1700,2,7,20,1,7,3,8
1701,2,7,20,1,2,2,4
1702,2,7,23,1,1,1,8
1703,3,7,0,2,2,1,6
1704,3,7,3,1,17,4,1
1705,3,7,6,5,5,1,5
1707,3,7,10,1,3,3,7
1708,3,7,11,1,7,2,17
1709,3,7,12,1,14,3,7
1710,3,7,13,1,2,12,24
1711,3,7,14,3,6,1,7
1712,3,7,18,3,6,1,10
1714,3,7,19,1,6,1,10
1715,3,7,22,1,6,1,2
1716,3,7,22,1,9,5,20
1717,3,7,22,1,1,1,2
1720,4,7,2,2,3,2,13
1722,4,7,4,1,2,10,2
1723,4,7,5,6,3,2,14
1724,4,7,7,5,3,2,23
1725,4,7,16,3,6,2,24
1726,4,7,19,2,1,2,6
1727,4,7,20,1,1,6,1
1734,5,7,20,1,1,2,1
1735,5,7,23,1,6,1,4
1736,6,7,2,1,3,2,4
1737,6,7,3,1,17,3,23
1738,6,7,3,1,13,5,20
1740,6,7,12,1,1,1,2
1741,6,7,12,1,11,12,1
1742,6,7,16,1,1,2,22
1745,6,7,21,1,1,1,2
1746,7,7,0,4,17,7,4
1748,7,7,10,2,17,4,1
1750,7,7,21,1,6,1,2
1751,1,7,8,5,17,8,1
1752,1,7,8,3,6,11,23
1754,1,7,12,6,17,10,22
1756,1,7,19,1,1,4,2
1758,1,7,22,1,1,1,6
1759,2,7,0,1,1,2,17
1760,2,7,3,5,3,4,1
1761,2,7,21,2,2,2,17
1763,3,7,1,1,6,2,13
1764,3,7,5,1,8,9,3
1765,3,7,8,1,3,11,1
1766,3,7,8,2,7,3,9
1767,3,7,15,1,1,7,2
1769,3,7,18,5,10,2,1
1770,3,7,19,1,17,2,4
1771,3,7,19,1,2,4,1
1772,3,7,20,1,1,1,10
1773,3,7,20,1,1,2,1
1774,4,7,3,1,1,1,13
1775,4,7,8,1,13,1,2
1777,4,7,17,1,1,3,6
1778,4,7,20,2,2,5,21
1780,5,7,13,1,1,4,2
1781,5,7,17,6,4,1,3
1782,5,7,18,5,17,1,6
1783,5,7,19,1,1,2,23
1784,5,7,20,6,17,2,14
1785,5,7,20,1,11,3,9
1786,5,7,22,1,1,1,2
1787,6,7,4,1,17,8,23
1788,6,7,5,2,1,10,2
1789,6,7,10,1,1,2,1
1792,7,7,5,1,3,4,3
1793,7,7,5,3,5,1,2
1795,7,7,15,1,1,1,2
1796,7,7,19,1,3,3,8
1797,7,7,19,1,6,1,2
1798,7,7,20,3,1,3,7
1801,1,7,2,4,17,1,9
1802,1,7,4,1,14,1,10
1803,1,7,9,2,3,9,3
1804,1,7,11,1,10,10,2
1805,1,7,19,2,17,3,7
1807,1,7,22,2,17,6,2
1808,1,7,22,1,1,1,10
1809,1,7,22,2,2,1,13
1810,1,7,22,1,17,1,10
1811,2,7,2,1,17,1,10
1812,2,7,7,2,3,7,3
1813,2,7,8,5,17,9,1
1814,2,7,9,2,1,8,1
1815,2,7,13,1,1,2,14
1816,2,7,17,6,2,1,1
1817,2,7,18,1,13,2,6
1820,3,7,5,6,17,4,1
1822,3,7,6,1,2,5,19
1823,3,7,8,2,12,1,2
1824,3,7,11,5,14,12,1
1825,3,7,12,5,5,3,9
1826,3,7,15,4,9,12,24
1827,3,7,18,1,2,1,1
1828,3,7,18,1,11,1,1
1829,3,7,18,1,3,10,1
1830,3,7,19,1,8,5,19
1831,3,7,20,4,9,1,2
1832,3,7,20,3,13,3,7
1833,3,7,22,1,11,1,2
1834,3,7,23,2,1,1,3
1838,4,7,12,4,17,1,8
1839,4,7,12,4,17,1,8
1840,4,7,14,1,1,1,1
1841,4,7,16,1,1,1,3
1842,4,7,19,1,1,1,4
1843,4,7,20,1,3,5,20
1844,4,7,23,1,7,3,9
1848,5,7,3,1,9,7,2
1849,5,7,4,1,14,2,16
1850,5,7,5,1,1,1,13
1851,5,7,6,6,17,4,1
1853,5,7,14,1,2,5,19
1856,5,7,15,1,4,2,1
1858,5,7,18,1,3,2,17
1859,5,7,19,1,8,3,9
1861,5,7,19,1,1,4,2
1862,5,7,20,1,1,5,20
1863,5,7,21,2,8,12,2
1864,5,7,22,1,3,1,13
1866,5,7,6,1,4,5,20
1867,6,7,2,2,1,1,12
1869,6,7,7,3,17,1,6
1871,6,7,10,5,17,12,1
1872,6,7,10,1,1,10,2
1873,6,7,11,1,1,1,3
1874,6,7,19,1,1,1,11
1875,6,7,19,2,1,2,9
1877,6,7,21,1,17,1,2
1878,6,7,22,1,4,3,6
1879,6,7,23,1,3,1,3
1880,7,7,0,5,10,8,23
1881,7,7,1,1,10,6,2
1882,7,7,4,1,3,6,2
1883,7,7,5,1,2,3,9
1885,7,7,9,6,17,2,14
1887,7,7,12,6,17,2,14
1888,7,7,16,4,17,4,3
1891,7,7,19,1,1,2,14
1893,1,7,3,1,3,1,7
1895,1,7,18,6,5,1,6
1896,1,7,20,1,1,2,5
1899,2,7,6,1,3,7,2
1900,2,7,8,1,1,2,14
1904,2,7,10,6,17,1,13
1905,2,7,11,1,16,1,3
1906,2,7,14,5,2,2,7
1907,2,7,17,3,17,7,3
1908,2,7,17,5,3,1,3
1909,2,7,22,1,5,1,2
1913,3,7,9,3,1,1,11
1914,3,7,11,6,17,2,14
1915,3,7,13,1,4,2,9
1917,3,7,20,2,12,1,6
1918,3,7,20,1,1,1,4
1919,3,7,20,1,1,1,4
1920,3,7,22,6,17,2,14
1921,3,7,23,1,3,2,5
1922,3,7,23,1,1,1,10
1924,4,7,5,1,3,3,6
1925,4,7,5,2,4,1,1
1927,4,7,15,1,4,2,2
1928,4,7,20,2,2,8,23
1929,4,7,21,1,10,2,12
1930,4,7,21,3,12,3,9
1931,4,7,22,1,3,2,21
1932,4,7,22,1,1,1,2
1933,4,7,23,3,17,4,2
1934,5,8,0,4,17,1,7
1937,5,8,6,4,17,4,2
1940,5,8,8,2,2,2,17
1942,5,8,19,1,10,1,2
1944,5,8,21,1,3,1,2
1946,6,8,0,2,2,2,13
1948,6,8,7,6,8,1,12
1949,6,8,10,1,6,1,1
1950,6,8,17,1,9,1,8
1951,6,8,17,3,6,1,8
1952,6,8,18,1,6,3,9
1953,6,8,20,1,3,3,9
1954,6,8,22,3,6,1,2
1956,7,8,4,1,4,1,1
1957,7,8,8,1,2,1,2
1958,7,8,9,1,1,5,20
1960,7,8,11,1,16,3,9
1962,7,8,21,3,17,3,7
1963,7,8,23,1,2,8,2
1965,1,8,6,1,4,12,1
1966,1,8,10,2,1,2,22
1967,1,8,11,1,9,3,8
1968,1,8,13,1,17,5,19
1969,1,8,14,1,1,4,2
1970,1,8,17,1,8,3,9
1971,1,8,17,3,6,1,2
1973,1,8,22,1,8,1,11
1974,2,8,3,1,1,3,8
1975,2,8,5,1,2,2,7
1976,2,8,8,1,11,2,4
1977,2,8,11,1,10,1,4
1978,2,8,19,5,10,5,20
1979,2,8,20,1,2,3,9
1980,2,8,20,1,3,1,10
1981,2,8,20,1,1,2,12
1985,3,8,7,1,3,10,1
1986,3,8,15,6,17,2,14
1987,3,8,17,2,2,3,7
1988,3,8,20,3,1,5,21
1989,3,8,20,6,17,2,14
1990,4,8,1,2,1,1,10
1991,4,8,5,2,7,2,1
1992,4,8,11,4,17,4,3
1993,4,8,13,1,10,2,7
1994,4,8,15,3,1,2,1
1995,4,8,18,1,5,1,2
1996,4,8,19,1,8,2,9
1997,4,8,19,1,17,2,5
1998,4,8,19,6,3,3,7
2000,4,8,20,2,1,2,6
2003,4,8,22,2,2,4,2
2004,4,8,22,2,1,1,5
2005,4,8,22,1,17,5,20
2006,4,8,23,2,2,2,3
2013,5,8,1,3,3,1,11
2014,5,8,5,1,17,1,6
2015,5,8,7,2,1,8,23
2016,5,8,8,6,12,12,23
2017,5,8,10,1,3,2,1
2018,5,8,11,5,5,1,4
2021,5,8,20,1,1,1,2
2022,5,8,22,1,1,1,5
2023,5,8,22,1,17,5,20
2024,6,8,1,2,2,2,10
2025,6,8,3,1,1,6,1
2027,6,8,7,1,1,4,1
2028,6,8,13,1,5,1,10
2029,6,8,18,2,3,11,1
2030,6,8,18,6,1,1,2
2031,6,8,19,1,1,1,2
2033,6,8,7,3,8,3,7
2034,7,8,5,1,2,9,1
2037,7,8,23,1,11,2,7
2038,1,8,7,4,17,1,8
2039,1,8,10,1,5,1,3
2040,1,8,19,2,1,5,18
2041,1,8,19,1,7,2,1
2042,2,8,0,1,4,3,8
2043,2,8,2,6,17,8,1
2044,2,8,2,6,2,12,2
2045,2,8,7,1,10,5,20
2046,2,8,8,2,12,1,4
2047,2,8,11,2,12,11,1
2048,2,8,14,1,2,1,3
2049,2,8,19,6,17,2,23
2050,2,8,21,2,2,1,13
2051,2,8,22,1,2,1,13
2052,3,8,6,1,1,3,9
2053,3,8,7,2,17,2,6
2054,3,8,9,1,1,2,4
2055,3,8,9,6,8,1,11
2056,3,8,13,1,17,5,19
2057,3,8,17,3,17,1,10
2058,3,8,19,1,1,10,2
2059,3,8,21,1,5,1,7
2061,3,8,22,1,17,1,10
2062,4,8,1,1,3,5,19
2063,4,8,3,2,2,12,1
2064,4,8,5,1,7,10,1
2065,4,8,8,1,3,6,1
2066,4,8,16,1,4,1,10
2067,4,8,18,1,1,1,2
2068,4,8,19,1,8,1,1
2071,5,8,3,1,3,3,7
2072,5,8,3,4,9,7,2
2074,5,8,9,3,2,3,6
2075,5,8,11,2,5,4,1
2077,5,8,23,4,5,1,13
2078,6,8,0,6,5,1,6
2079,6,8,3,1,2,2,17
2080,6,8,11,2,2,1,12
2081,6,8,15,3,6,1,12
2083,6,8,19,2,1,1,2
2084,6,8,20,1,1,5,20
2085,7,8,3,1,1,9,1
2086,7,8,5,2,2,4,15
2087,7,8,10,1,2,2,11
2088,7,8,10,5,10,2,5
2089,1,8,2,1,17,2,2
2091,1,8,10,1,11,3,9
2093,1,8,16,1,17,1,4
2094,1,8,19,1,3,3,8
2095,1,8,19,1,17,5,20
2096,1,8,20,1,6,1,1
2097,1,8,21,6,3,4,2
2098,1,8,22,6,5,2,1
2100,2,8,16,1,1,2,6
2101,2,8,18,5,15,2,21
2102,2,8,20,2,4,2,4
2103,2,8,22,2,1,2,22
2105,3,8,8,4,17,1,4
2106,3,8,9,1,11,1,11
2107,3,8,11,1,17,1,12
2108,3,8,15,2,8,1,9
2109,3,8,18,1,3,2,1
2110,3,8,20,1,3,1,13
2111,3,8,22,1,1,10,2
2113,4,8,0,1,8,3,7
2114,4,8,3,6,5,2,24
2115,4,8,8,2,2,1,4
2116,4,8,10,2,2,2,2
2117,4,8,10,1,3,3,7
2118,4,8,12,1,4,5,20
2120,4,8,17,1,15,2,1
2121,4,8,17,1,13,1,13
2122,4,8,21,1,2,1,10
2124,5,8,12,1,1,2,1
2125,5,8,16,1,1,1,1
2126,5,8,21,2,2,3,9
2128,5,8,21,2,2,3,9
2129,6,8,7,1,1,12,2
2130,6,8,12,4,5,4,22
2132,7,8,5,1,1,5,18
2133,7,8,7,1,1,1,9
2134,7,8,7,1,1,2,11
2135,7,8,11,1,14,3,9
2136,7,8,18,1,7,1,12
2138,1,8,0,1,1,3,6
2139,1,8,5,2,2,3,7
2141,1,8,7,6,17,6,10
2142,1,8,10,2,10,2,23
2144,2,8,4,1,9,12,1
2146,2,8,8,1,9,1,11
2147,2,8,9,2,2,4,3
2148,2,8,9,2,1,1,2
2150,2,8,17,2,1,3,8
2151,2,8,20,5,3,4,3
2152,2,8,21,6,5,1,3
2153,2,8,21,1,3,2,14
2154,2,8,22,1,1,1,4
2155,3,8,2,2,1,3,8
2157,3,8,8,2,1,1,12
2158,3,8,9,1,17,1,9
2159,3,8,11,1,1,1,10
2165,4,8,0,1,4,1,2
2168,4,8,15,1,1,3,8
2169,4,8,16,1,1,2,5
2170,5,8,1,1,7,1,4
2171,5,8,3,3,1,8,2
2172,5,8,9,2,2,3,9
2174,5,8,18,3,1,1,3
2175,5,8,18,1,2,1,6
2176,5,8,20,2,2,12,3
2178,5,8,23,1,15,9,23
2179,5,8,23,1,2,1,3
2180,5,8,23,1,3,1,6
2182,6,8,9,1,7,2,23
2184,6,8,13,3,1,1,6
2185,6,8,15,2,1,1,3
2186,6,8,20,1,8,5,19
2187,6,8,21,1,1,2,15
2188,7,8,1,5,3,4,1
2189,7,8,1,1,4,2,2
2191,7,8,10,1,17,2,18
2192,7,8,15,1,1,2,24
2193,7,8,19,1,17,1,10
2194,7,8,21,1,2,1,2
2195,7,8,22,2,2,1,9
2197,1,9,7,1,7,1,2
2199,1,9,13,1,3,3,6
2200,1,9,18,2,3,1,2
2201,1,9,19,3,6,3,7
2202,2,9,0,1,3,5,19
2204,2,9,3,1,8,1,10
2205,2,9,7,2,2,3,9
2206,2,9,8,3,6,1,1
2207,2,9,8,2,1,5,21
2208,2,9,8,2,1,2,23
2209,2,9,10,1,10,2,9
2210,2,9,12,1,1,1,6
2211,2,9,12,6,17,7,2
2212,2,9,13,4,9,1,10
2213,2,9,13,1,2,3,9
2214,2,9,19,1,1,3,7
2216,2,9,21,6,17,5,21
2217,2,9,21,1,17,5,19
2218,3,9,0,1,1,3,8
2219,3,9,20,1,3,3,7
2221,4,9,1,1,3,5,19
2222,4,9,5,1,9,7,3
2225,4,9,17,6,1,1,2
2226,4,9,21,1,15,12,24
2227,4,9,21,1,11,11,1
2229,4,9,22,1,1,2,1
2230,4,9,0,2,3,12,1
2231,5,9,1,1,1,1,4
2234,5,9,11,4,17,1,10
2235,5,9,19,1,5,2,1
2236,5,9,21,2,1,7,3
2237,5,9,22,2,2,1,1
2238,5,9,23,2,12,1,1
2240,6,9,2,6,17,2,14
2241,6,9,4,1,9,3,6
2243,6,9,7,1,3,5,19
2244,6,9,9,3,17,3,8
2245,6,9,11,3,1,3,8
2246,6,9,14,6,17,2,14
2247,6,9,15,1,17,1,2
2250,6,9,21,4,17,3,8
2251,6,9,22,3,6,1,6
2253,7,9,0,1,1,1,11
2254,7,9,4,1,7,5,21
2255,7,9,6,1,3,3,9
2256,7,9,11,1,7,1,4
2259,7,9,15,1,6,10,2
2260,7,9,22,3,8,6,1
2264,1,9,21,1,17,3,9
2267,2,9,12,1,11,1,10
2268,2,9,15,3,6,6,1
2270,2,9,17,1,1,4,1
2274,2,9,21,3,17,1,4
2275,2,9,21,1,1,1,9
2280,3,9,10,1,7,2,14
2282,3,9,13,2,16,4,3
2283,3,9,21,1,14,1,11
2284,3,9,21,1,3,3,6
2286,3,9,22,1,3,2,9
2288,4,9,7,2,2,10,1
2291,4,9,22,1,1,2,2
2293,5,9,3,1,11,2,15
2294,6,9,1,1,1,1,1
2295,6,9,5,1,17,7,3
2296,6,9,6,1,17,1,6
2297,6,9,6,1,4,1,3
2299,6,9,18,2,2,12,3
2301,7,9,14,2,1,2,12
2302,1,9,4,2,3,10,2
2303,1,9,5,2,12,8,2
2304,1,9,12,1,6,12,22
2307,2,9,3,1,7,1,11
2308,2,9,7,2,1,1,13
2309,2,9,10,1,2,2,11
2311,2,9,19,1,6,2,1
2312,2,9,20,2,1,1,12
2313,2,9,20,3,6,1,2
2314,2,9,20,1,14,5,19
2316,2,9,22,3,1,1,12
2318,3,9,8,1,12,9,1
2319,3,9,10,1,17,3,7
2320,3,9,12,6,17,2,7
2321,3,9,13,1,10,1,13
2323,3,9,21,1,3,3,7
2324,4,9,0,1,11,2,9
2325,4,9,1,1,17,2,1
2326,4,9,8,1,11,5,20
2327,4,9,8,1,14,3,9
2328,4,9,9,6,3,3,9
2330,4,9,18,2,4,6,2
2331,4,9,19,6,17,2,1
2332,4,9,22,1,5,2,15
2333,4,9,22,1,2,1,2
2334,5,9,9,1,3,1,13
2336,5,9,18,1,1,2,1
2338,5,9,22,1,3,3,8
2339,5,9,23,1,4,1,3
2340,6,9,1,1,17,1,1
2342,6,9,9,4,17,2,1
2343,6,9,12,1,1,4,1
2346,6,9,23,1,1,2,3
2347,7,9,4,1,2,2,1
2348,7,9,12,2,1,1,4
2350,7,9,22,1,4,5,20
2351,1,9,2,1,6,1,2
2353,1,9,7,1,3,2,13
2357,1,9,16,2,1,2,17
2358,1,9,19,1,7,1,2
2360,1,9,21,1,11,2,5
2361,1,9,22,1,3,1,13
2362,1,9,22,1,9,12,1
2364,2,9,3,2,17,1,12
2369,3,9,9,1,17,3,6
2371,3,9,9,1,4,2,1
2372,3,9,10,1,3,2,1
2373,3,9,18,1,1,2,14
2374,3,9,20,1,7,2,10
2375,3,9,22,1,3,3,9
2376,3,9,23,2,1,4,1
2377,4,9,7,1,4,1,3
2378,4,9,10,2,1,12,1
2380,4,9,18,3,6,1,3
2383,5,9,4,2,17,1,12
2384,5,9,5,1,1,1,10
2385,5,9,6,1,2,1,13
2386,5,9,8,1,11,3,7
2387,5,9,8,2,17,6,2
2389,5,9,22,1,6,1,10
2390,5,9,23,1,3,1,13
2391,6,9,2,1,17,5,21
2394,6,9,6,6,17,12,2
2396,6,9,15,1,11,4,3
2397,6,9,17,1,17,1,11
2398,6,9,19,1,15,5,19
2399,6,9,20,1,15,3,6
2401,7,9,0,2,4,1,3
2402,7,9,5,1,9,3,6
2403,7,9,13,4,17,2,15
2404,7,9,14,1,17,2,1
2405,7,9,14,1,17,3,7
2407,7,9,18,1,2,2,12
2408,7,9,21,1,4,5,20
2409,1,9,5,4,17,2,4
2410,1,9,6,5,10,12,1
2413,1,9,10,1,1,5,20
2414,1,9,20,1,16,3,7
2416,1,9,22,1,9,2,5
2418,1,9,23,2,2,1,9
2419,2,9,9,1,2,5,20
2421,2,9,17,1,5,1,4
2422,2,9,18,1,6,3,8
2423,2,9,18,2,2,8,1
2424,2,9,20,2,17,1,9
2425,2,9,21,2,2,9,3
2426,2,9,22,3,6,2,10
2428,3,10,9,1,17,1,2
2429,3,10,17,2,2,2,15
2430,3,10,21,1,3,3,7
2431,3,10,22,1,1,3,9
2432,3,10,23,1,17,1,4
2433,3,10,23,1,5,1,4
2435,4,10,16,1,4,5,21
2436,4,10,22,1,1,1,9
2437,4,10,22,1,10,1,2
2438,5,10,3,2,4,1,12
2439,5,10,17,3,17,1,4
2440,5,10,19,1,3,3,7
2441,5,10,23,1,3,3,8
2442,6,10,8,1,1,1,11
2443,6,10,8,1,9,1,6
2444,6,10,9,1,2,3,9
2445,6,10,10,1,17,2,4
2446,6,10,13,5,17,3,9
2447,6,10,15,1,2,3,9
2449,6,10,23,1,1,1,7
2450,7,10,6,1,8,5,19
2451,7,10,20,1,1,10,1
2453,1,10,8,5,15,1,3
2454,1,10,9,1,2,2,11
2455,1,10,14,1,3,1,9
2459,1,10,19,1,1,3,6
2461,1,10,21,1,1,10,22
2462,1,10,23,1,3,1,6
2463,2,10,7,2,12,1,3
2464,2,10,12,1,1,3,9
2465,2,10,16,5,2,1,2
2466,2,10,17,4,17,2,12
2467,2,10,19,2,2,2,4
2470,3,10,9,3,14,1,2
2471,3,10,15,3,15,3,9
2472,3,10,19,1,13,10,2
2473,4,10,2,4,9,7,1
2474,4,10,3,1,1,7,2
2475,4,10,7,1,11,1,3
2477,4,10,23,1,4,5,19
2478,5,10,6,6,17,1,9
2484,5,10,19,1,3,3,8
2485,5,10,22,1,2,9,1
2489,6,10,20,1,4,6,1
2490,7,10,5,2,2,8,1
2491,7,10,7,1,1,2,9
2492,7,10,8,1,17,3,9
2495,7,10,12,1,3,9,1
2499,1,10,8,1,9,1,5
2501,1,10,13,1,4,8,23
2502,1,10,13,1,5,1,6
2503,1,10,14,1,17,5,20
2504,1,10,14,4,17,9,1
2505,1,10,17,1,6,3,9
2506,1,10,19,1,1,3,9
2507,1,10,20,3,6,1,6
2508,1,10,22,1,1,1,2
2509,1,10,23,2,1,3,6
2510,1,10,23,1,10,1,13
2511,2,10,0,4,17,1,6
2515,2,10,12,1,5,2,5
2516,2,10,13,1,2,2,2
2517,2,10,13,4,17,7,3
2518,2,10,13,4,5,7,3
2519,2,10,15,1,3,3,6
2520,2,10,16,3,3,10,2
2521,2,10,17,1,6,5,20
2522,2,10,18,1,1,12,1
2523,2,10,18,1,1,1,9
2524,2,10,21,4,9,1,11
2525,2,10,22,1,2,1,13
2528,3,10,10,6,13,5,20
2529,3,10,13,1,2,10,2
2531,3,10,18,3,12,5,19
2532,3,10,19,1,1,1,6
2533,3,10,21,1,5,2,23
2537,4,10,7,3,5,1,4
2539,4,10,21,1,1,1,10
2540,4,10,22,3,6,3,6
2543,5,10,1,1,7,1,3
2544,5,10,3,4,9,1,6
2545,5,10,5,1,3,2,14
2546,5,10,5,1,2,1,4
2547,5,10,11,1,14,1,10
2548,5,10,16,1,2,1,7
2550,5,10,20,1,3,3,9
2551,5,10,22,1,1,10,1
2553,6,10,0,4,17,1,4
2556,6,10,18,1,17,8,1
2557,6,10,21,1,3,3,6
2558,6,10,23,1,3,3,9
2559,7,10,5,1,7,10,2
2560,7,10,5,6,7,1,13
2562,7,10,11,1,11,1,9
2563,7,10,21,1,5,1,6
2566,1,10,4,2,8,2,15
2571,1,10,11,3,17,1,3
2572,1,10,14,1,1,5,20
2573,1,10,19,1,1,5,19
2576,2,10,11,5,5,1,11
2578,2,10,16,1,4,5,19
2579,2,10,18,5,2,3,7
2582,3,10,2,3,6,2,5
2584,3,10,16,6,17,1,2
2585,3,10,17,1,1,3,7
2586,3,10,0,1,5,2,17
2587,4,10,2,1,2,5,20
2588,4,10,3,1,4,6,2
2590,4,10,16,1,1,5,19
2591,4,10,17,5,15,3,6
2592,4,10,18,3,5,2,10
2593,4,10,21,1,11,1,5
2594,4,10,21,4,17,1,3
2596,5,10,3,6,3,3,9
2597,5,10,8,1,11,2,8
2598,5,10,11,1,4,1,10
2599,5,10,17,1,1,3,9
2600,5,10,20,5,17,9,1
2602,5,10,23,1,1,3,9
2603,6,10,0,1,1,6,1
2604,6,10,12,1,7,1,9
2607,6,10,17,1,3,7,1
2609,7,10,4,1,4,2,6
2610,7,10,20,2,2,1,2
2612,1,10,0,1,15,3,9
2614,1,10,4,1,17,1,13
2615,1,10,5,5,5,2,1
2616,1,10,8,1,1,3,6
2617,1,10,15,1,5,5,19
2619,1,10,18,1,13,2,17
2620,1,10,18,1,17,1,2
2622,1,10,19,6,17,12,22
2623,1,10,23,3,7,2,4
2624,2,10,0,6,17,4,2
2625,2,10,3,1,1,1,11
2626,2,10,8,6,17,4,2
2627,2,10,9,6,17,4,2
2628,2,10,16,1,1,3,6
2629,2,10,18,1,2,1,11
2630,2,10,18,6,8,8,23
2631,2,10,21,3,6,3,8
2633,2,10,22,1,1,3,8
2634,2,10,23,3,12,2,18
2635,3,10,4,1,4,1,9
2636,3,10,5,1,17,1,8
2638,3,10,15,3,12,5,19
2639,3,10,19,2,17,1,2
2640,3,10,21,1,17,3,6
2641,3,10,22,1,1,3,9
2642,3,10,22,6,17,4,3
2643,3,10,23,1,1,5,20
2644,3,10,23,1,3,1,6
2645,4,10,2,4,17,9,3
2646,4,10,13,1,3,3,9
2648,4,10,21,4,17,1,8
2650,5,10,0,3,2,1,12
2652,5,10,5,1,4,3,7
2653,5,10,6,2,13,1,8
2655,5,10,13,1,1,11,1
2656,5,10,15,2,10,1,3
2658,5,10,21,1,17,3,9
2663,7,11,1,1,2,6,1
2665,7,11,20,6,1,12,1
2666,7,11,21,1,17,12,1
2667,7,11,21,4,17,1,2
2668,1,11,6,1,13,1,11
2670,1,11,7,5,5,3,9
2672,1,11,8,6,5,2,2
2673,1,11,20,1,7,2,9
2675,2,11,6,1,1,3,9
2676,2,11,8,2,2,2,1
2677,2,11,13,1,3,10,22
2678,2,11,18,1,3,3,9
2680,2,11,20,4,17,1,3
2681,2,11,23,4,17,2,4
2682,3,11,2,1,4,1,9
2683,3,11,8,1,7,1,3
2684,3,11,9,6,3,2,14
2685,3,11,11,1,2,5,20
2686,3,11,17,3,3,5,18
2689,4,11,7,1,1,2,3
2691,4,11,11,3,1,1,3
2694,4,11,21,1,13,1,1
2695,4,11,22,3,3,1,12
2697,5,11,12,2,2,2,14
2698,5,11,16,4,17,1,2
2701,5,11,20,1,17,1,4
2702,5,11,21,1,17,1,8
2703,6,11,3,1,7,2,12
2704,6,11,3,6,17,10,1
2705,6,11,16,1,5,1,1
2709,7,11,4,1,5,1,9
2710,7,11,5,3,17,3,7
2711,7,11,11,1,6,5,19
2715,7,11,22,1,17,2,2
2716,1,11,22,3,17,5,20
2717,1,11,22,4,9,1,6
2718,1,11,23,2,10,6,1
2720,2,11,9,1,1,1,2
2721,2,11,10,2,2,1,12
2722,2,11,17,1,1,7,3
2724,2,11,21,2,17,1,8
2725,3,11,0,1,11,2,12
2727,3,11,6,6,3,6,1
2728,3,11,10,6,12,3,8
2729,3,11,15,2,1,11,2
2731,4,11,5,6,17,4,1
2733,4,11,5,6,17,4,1
2734,4,11,15,3,6,1,6
2737,4,11,22,1,5,9,1
2738,4,11,23,2,2,12,1
2739,5,11,0,1,17,2,8
2743,5,11,8,1,17,3,6
2746,5,11,16,3,5,2,1
2747,5,11,18,1,3,3,7
2748,5,11,19,4,17,1,2
2749,5,11,21,6,13,2,2
2750,5,11,23,3,17,5,21
2752,6,11,0,2,3,3,7
2754,6,11,2,1,1,10,2
2756,6,11,4,6,3,1,4
2757,6,11,8,1,1,5,21
2758,6,11,14,1,4,3,9
2759,6,11,16,3,12,1,3
2762,6,11,19,1,7,3,9
2763,6,11,21,1,4,1,2
2764,7,11,5,6,17,4,3
2765,7,11,5,6,17,4,3
2766,7,11,7,6,17,4,3
2767,7,11,10,6,17,4,3
2768,7,11,10,6,17,4,3
2769,7,11,11,6,17,4,3
2770,7,11,12,2,17,6,1
2773,7,11,23,1,3,3,9
2774,1,11,6,1,15,2,15
2775,1,11,23,2,16,1,2
2776,2,11,2,4,17,3,7
2777,2,11,8,1,1,1,13
2778,2,11,12,1,6,1,12
2781,3,11,0,6,2,8,23
2782,3,11,7,1,1,2,9
2783,3,11,9,1,3,5,19
2788,4,11,3,5,10,2,6
2789,4,11,7,1,10,1,9
2790,4,11,8,1,13,2,23
2791,4,11,10,1,17,2,2
2792,4,11,11,1,1,1,11
2793,4,11,14,1,1,11,1
2794,4,11,16,2,2,6,2
2796,4,11,20,2,16,2,1
2798,4,11,21,2,2,2,6
2799,5,11,6,6,17,4,1
2802,5,11,20,2,4,5,21
2803,5,11,22,1,12,1,11
2804,5,11,23,1,1,4,15
2805,5,11,23,2,2,10,2
2806,6,11,0,3,6,2,15
2807,6,11,1,1,17,1,11
2810,6,11,4,1,1,6,1
2813,6,11,14,1,1,1,13
2814,6,11,17,1,5,11,1
2815,7,11,0,6,17,5,19
2817,7,11,6,1,4,10,2
2818,7,11,11,3,3,3,7
2819,7,11,14,2,2,1,12
2820,7,11,15,2,12,2,4
2821,7,11,16,1,6,6,1
2822,7,11,19,1,2,1,10
2824,7,11,23,2,2,3,9
2825,7,11,7,2,8,5,21
2826,1,11,6,6,17,1,11
2828,1,11,8,1,16,10,2
2829,1,11,8,1,17,1,11
2830,1,11,12,6,12,12,1
2833,1,11,22,3,8,1,6
2834,2,11,0,6,17,3,6
2835,2,11,3,1,5,4,2
2836,2,11,3,1,17,10,2
2841,2,11,14,1,13,1,3
2844,2,11,22,2,1,1,3
2845,2,11,22,2,1,1,3
2846,3,11,3,5,10,2,11
2847,3,11,4,1,10,2,10
2848,3,11,7,1,1,9,3
2849,3,11,8,5,10,1,1
2850,3,11,9,4,17,5,19
2854,3,11,16,2,2,3,9
2857,4,11,5,1,2,2,15
2858,4,11,6,5,10,2,13
2859,4,11,7,1,9,1,11
2860,4,11,9,5,5,3,9
2861,4,11,10,5,15,1,2
2864,4,11,19,2,2,3,9
2865,4,11,20,1,1,4,2
2866,5,11,0,1,1,2,15
2869,5,11,20,1,2,1,3
2871,5,11,21,1,1,4,1
2874,6,11,3,1,2,1,4
2875,6,11,3,6,17,6,1
2876,6,11,4,2,1,1,12
2877,6,11,5,2,3,2,2
2878,6,11,6,1,1,1,10
2879,6,11,9,1,6,2,5
2880,6,11,11,1,1,9,3
2882,6,11,16,6,17,4,22
2883,6,11,20,1,5,2,3
2884,6,11,21,1,1,2,13
2885,6,11,22,2,12,1,3
2886,6,11,22,1,3,1,2
2887,7,11,3,4,17,12,1
2889,7,11,4,1,1,1,3
2890,7,11,5,1,3,1,10
2892,7,11,7,1,5,1,2
2893,7,11,7,4,17,5,21
2895,1,12,9,3,5,1,12
2896,1,12,9,2,2,1,4
2897,1,12,10,2,2,2,24
2898,1,12,10,6,8,2,17
2899,1,12,16,6,17,2,23
2900,1,12,17,3,17,3,8
2901,1,12,18,1,16,2,1
2902,2,12,0,2,4,5,18
2903,2,12,8,4,17,5,20
2905,3,12,0,1,2,2,9
2906,3,12,7,1,2,1,3
2907,3,12,12,1,17,3,8
2908,3,12,20,5,3,2,9
2909,3,12,21,1,1,5,21
2910,4,12,1,3,8,10,23
2913,4,12,22,1,17,10,2
2915,5,12,2,4,9,5,18
2916,5,12,3,4,17,4,2
2917,5,12,7,4,17,8,23
2918,5,12,8,3,5,5,20
2919,5,12,21,2,4,4,1
2920,5,12,23,3,17,1,2
2921,7,12,4,1,8,12,1
2922,7,12,11,1,9,3,8
2924,7,12,23,2,10,1,6
2926,1,12,0,1,1,4,3
2928,1,12,21,1,1,6,1
2929,2,12,13,2,1,1,12
2930,2,12,13,6,17,7,2
2931,2,12,14,1,3,5,20
2932,2,12,15,1,5,1,2
2933,2,12,17,1,1,1,6
2935,2,12,22,4,17,1,12
2936,2,12,22,2,1,2,7
2937,3,12,0,1,11,4,1
2938,3,12,3,6,3,2,16
2939,3,12,8,2,2,3,8
2940,3,12,8,1,4,9,2
2941,3,12,11,2,1,6,2
2944,3,12,20,6,17,4,1
2945,3,12,21,2,1,2,3
2947,3,12,22,2,3,11,2
2950,4,12,14,1,17,1,12
2952,4,12,22,1,5,1,3
2954,5,12,6,1,1,9,1
2955,5,12,7,1,1,9,2
2956,5,12,9,1,1,2,5
2959,5,12,18,1,1,2,14
2960,5,12,20,3,6,2,3
2961,5,12,22,1,2,8,23
2962,5,12,22,2,3,12,1
2963,5,12,22,1,17,2,2
2964,5,12,23,2,2,1,10
2965,6,12,0,2,3,1,4
2966,6,12,1,1,2,5,20
2967,6,12,3,1,4,12,1
2969,6,12,8,1,3,2,4
2971,6,12,9,3,3,11,1
2972,6,12,14,1,1,1,12
2973,6,12,22,1,4,2,9
2974,7,12,2,3,3,5,19
2975,7,12,2,1,17,7,2
2976,7,12,4,1,3,6,1
2977,7,12,8,2,3,3,6
2978,7,12,18,1,1,4,1
2979,7,12,19,4,17,7,2
2980,7,12,23,3,12,1,6
2981,1,12,0,2,1,6,1
2982,1,12,1,2,3,5,21
2983,1,12,8,1,1,11,2
2984,1,12,10,1,14,1,2
2985,1,12,20,1,3,2,1
2986,2,12,0,1,17,1,2
2987,2,12,3,2,1,1,12
2988,2,12,7,2,12,1,8
2989,2,12,9,1,1,11,1
2990,2,12,11,2,2,2,22
2992,2,12,23,1,3,2,4
2993,3,12,9,6,16,1,13
2994,3,12,20,3,3,1,13
2995,4,12,1,3,4,2,15
2996,4,12,3,2,2,6,2
2997,4,12,17,1,1,1,12
2998,4,12,22,2,1,1,12
2999,5,12,1,5,5,1,12
3001,5,12,3,1,6,9,2
3003,5,12,7,1,1,1,8
3006,5,12,23,1,2,3,9
3007,6,12,19,1,1,4,15
3009,6,12,22,1,2,5,21
3010,7,12,2,1,1,2,4
3011,7,12,3,1,3,4,1
3013,7,12,13,2,4,3,9
3014,7,12,19,1,3,2,1
3015,7,12,21,3,12,3,8
3016,7,12,22,2,17,1,11
3017,1,12,2,1,6,1,13
3018,1,12,4,1,17,3,7
3019,1,12,7,1,9,1,9
3020,1,12,16,2,2,12,2
3022,1,12,20,2,3,1,9
3024,2,12,4,2,3,4,2
3025,2,12,11,2,1,1,12
3026,2,12,18,1,1,9,1
3027,2,12,22,3,6,6,2
3028,2,12,23,2,12,2,10
3030,3,12,3,1,2,2,17
3031,3,12,5,3,2,6,2
3032,3,12,8,1,6,8,2
3033,3,12,18,1,17,2,1
3034,3,12,19,5,3,9,2
3035,4,12,12,1,1,1,6
3040,4,12,22,1,8,2,18
3041,5,12,4,1,1,2,1
3043,5,12,20,1,3,6,2
3045,5,12,22,1,3,3,6
3046,6,12,0,1,2,1,3
3047,6,12,0,6,17,2,6
3048,6,12,2,1,1,5,21
3050,6,12,3,3,5,1,3
3051,6,12,5,1,17,2,11
3053,7,12,0,5,16,1,2
3054,7,12,1,3,3,6,2
3055,7,12,3,2,2,1,12
3058,7,12,12,5,14,3,7
3059,7,12,17,1,1,6,23
3060,1,12,0,1,1,12,1
3061,1,12,1,6,17,2,2
3065,1,12,13,1,3,1,11
3066,1,12,17,2,3,8,2
3067,1,12,23,1,1,1,12
3068,2,12,1,2,4,1,6
3069,2,12,2,2,1,1,12
3072,2,12,7,6,17,4,2
3073,2,12,7,2,17,1,12
3074,2,12,9,2,1,1,8
3075,2,12,12,1,17,6,1
3076,2,12,13,1,11,3,8
3077,2,12,17,1,1,9,1
3078,2,12,23,1,1,9,1
3079,2,12,23,1,10,5,20
3080,3,12,0,6,3,2,23
3082,3,12,21,1,1,4,2
3083,3,12,22,1,1,9,3
3084,4,1,0,4,17,2,4
3085,4,1,2,1,3,1,5
3087,4,1,3,3,17,1,4
3088,4,1,8,1,1,1,11
3090,4,1,12,1,1,9,3
3091,4,1,14,4,17,1,4
3092,4,1,14,1,4,1,11
3094,4,1,19,1,4,7,22
3095,4,1,20,2,2,3,9
3096,4,1,21,4,5,1,7
3098,5,1,1,1,11,1,2
3099,5,1,2,4,17,2,2
3100,5,1,10,1,13,1,7
3101,5,1,10,4,17,1,3
3102,5,1,12,3,2,1,12
3103,5,1,14,3,3,5,19
3108,5,1,22,1,7,1,10
3110,6,1,0,2,4,6,2
3112,6,1,3,1,7,6,1
3114,6,1,6,4,17,4,22
3116,6,1,9,1,17,1,7
3121,6,1,19,3,17,10,1
3122,6,1,20,1,3,5,20
3124,7,1,1,1,17,1,12
3127,7,1,4,5,1,2,4
3132,7,1,18,1,1,6,2
3133,7,1,21,1,1,1,2
3135,7,1,23,1,2,10,1
3137,1,1,11,2,4,7,4
3141,1,1,19,2,1,6,2
3142,1,1,22,1,4,6,1
3146,2,1,1,2,1,3,8
3147,2,1,3,1,1,2,12
3149,2,1,6,2,17,1,10
3153,2,1,18,1,14,1,5
3157,3,1,3,4,17,2,15
3159,3,1,13,3,6,1,3
3160,3,1,17,5,10,3,9
3162,3,1,19,1,1,9,1
3164,3,1,21,1,1,1,13
3165,3,1,21,1,8,1,11
3168,4,1,3,4,17,8,23
3169,4,1,5,1,4,3,6
3171,4,1,12,1,7,1,9
3173,4,1,20,1,11,1,4
3175,5,1,3,1,17,6,2
3177,5,1,8,2,4,2,9
3178,5,1,9,2,17,1,11
3182,6,1,1,1,15,5,18
3188,6,1,23,2,1,1,12
3190,7,1,1,1,4,1,12
3194,7,1,12,3,17,1,13
3195,7,1,17,1,17,3,9
3196,7,1,19,1,8,3,6
3197,7,1,19,1,1,3,9
3198,1,1,1,1,1,9,2
3200,1,1,9,2,2,2,4
3205,2,1,8,6,17,5,19
3206,2,1,9,1,7,2,15
3211,3,1,8,1,3,2,2
3214,4,1,4,1,3,12,1
3216,4,1,17,1,1,1,6
3221,4,1,23,4,17,1,1
3222,4,1,23,1,1,1,7
3226,5,1,6,1,1,1,9
3227,5,1,7,1,3,2,1
3230,5,1,17,1,2,12,3
3231,5,1,18,3,3,1,6
3233,6,1,0,1,9,3,7
3235,6,1,5,2,2,1,10
3237,6,1,16,1,17,1,7
3240,6,1,19,3,12,1,10
3242,6,1,23,3,8,1,10
3247,7,1,5,1,3,2,9
3248,7,1,9,1,7,5,20
3249,7,1,19,2,4,5,18
3250,7,1,23,4,17,1,4
3251,1,1,0,1,17,10,1
3258,2,1,3,3,6,1,9
3260,2,1,8,2,4,1,1
3261,2,1,8,1,1,2,1
3264,2,1,14,1,3,2,1
3266,2,1,18,1,2,2,14
3267,2,1,22,1,1,1,5
3268,2,1,23,5,17,1,13
3272,3,1,8,3,5,1,5
3274,3,1,9,3,3,1,2
3277,3,1,18,5,17,1,2
3280,3,1,23,1,9,3,9
3282,4,1,13,2,16,4,2
3285,4,1,21,1,2,3,7
3289,5,1,5,1,1,9,3
3291,5,1,9,3,5,3,6
3295,6,1,2,1,1,1,11
3296,6,1,3,1,5,1,12
3297,6,1,4,2,2,1,2
3298,6,1,4,1,16,2,4
3299,6,1,10,1,16,2,7
3302,6,1,22,2,2,3,7
3303,7,1,2,1,1,2,1
3304,7,1,3,1,1,1,6
3307,7,1,15,1,6,8,23
3308,7,1,15,6,3,8,23
3309,7,1,17,6,5,1,6
3310,7,1,15,5,10,1,13
3315,1,1,7,1,1,3,8
3318,1,1,18,5,16,6,2
3319,1,1,20,2,2,2,5
3321,2,1,7,5,5,3,7
3323,2,1,17,1,8,1,5
3324,2,1,18,1,2,3,6
3327,3,1,8,1,4,1,6
3328,3,1,14,1,3,1,7
3329,3,1,18,3,5,6,2
3332,4,1,22,2,16,6,22
3334,5,1,3,1,1,4,1
3335,5,1,3,3,1,1,6
3336,5,1,7,1,4,2,4
3339,5,1,23,3,6,1,4
3340,6,1,0,2,17,6,2
3343,6,1,2,1,1,1,2
3347,6,1,5,1,6,9,1
3349,6,1,8,2,2,6,2
3351,6,1,12,1,11,2,10
3352,6,1,16,6,17,4,3
3354,6,1,22,1,1,9,1
3355,7,2,1,2,2,1,10
3356,7,2,3,2,2,1,12
3357,7,2,3,6,17,6,1
3358,7,2,4,2,17,2,25
3361,7,2,13,1,1,3,9
3364,1,2,3,6,9,6,2
3365,1,2,3,6,9,6,2
3367,1,2,7,2,2,2,4
3368,1,2,8,1,2,2,4
3369,1,2,10,2,16,1,3
3371,1,2,20,2,2,1,2
3372,2,2,2,2,3,2,15
3375,2,2,23,1,1,1,1
3378,2,2,23,1,2,1,2
3380,3,2,16,1,1,1,12
3383,3,2,22,4,17,4,15
3385,4,2,9,5,10,1,4
3386,4,2,10,1,5,2,13
3388,5,2,6,2,1,6,2
3390,5,2,12,5,2,1,12
3391,5,2,18,1,9,1,13
3395,6,2,3,2,2,1,13
3396,6,2,3,1,4,6,1
3397,6,2,4,2,2,1,4
3399,6,2,18,1,1,2,10
3401,6,2,22,1,3,4,3
3405,7,2,8,2,10,6,2
3414,1,2,13,6,17,2,13
3415,1,2,13,6,17,2,13
3417,2,2,0,5,17,1,11
3420,2,2,8,2,3,10,1
3421,2,2,17,2,1,2,7
3423,3,2,4,3,3,1,12
3428,3,2,21,1,1,9,1
3429,4,2,0,2,1,1,4
3431,4,2,3,2,2,2,16
3432,4,2,10,1,9,2,15
3435,4,2,23,6,17,7,1
3436,5,2,0,1,15,1,4
3437,5,2,0,2,17,1,12
3441,5,2,14,1,2,12,2
3443,6,2,1,1,2,3,9
3444,6,2,1,2,16,1,12
3447,6,2,3,1,15,12,24
3451,6,2,12,2,12,3,8
3452,6,2,18,1,8,11,1
3453,6,2,19,3,12,5,20
3454,7,2,0,1,2,2,4
3455,7,2,8,1,14,1,13
3457,7,2,22,5,5,2,7
3458,7,2,23,6,5,1,11
3462,1,2,10,1,13,5,18
3463,1,2,15,1,3,1,8
3465,1,2,23,1,8,1,1
3470,3,2,14,1,1,12,1
3471,3,2,21,1,1,5,20
3478,4,2,15,1,17,1,5
3479,4,2,19,2,1,1,12
3482,5,2,11,3,2,9,1
3492,6,2,5,1,9,1,2
3495,6,2,11,2,1,6,2
3499,7,2,3,1,5,2,11
3500,7,2,9,3,6,1,4
3501,7,2,18,2,2,1,2
3510,2,2,9,1,11,2,4
3511,2,2,9,1,1,1,6
3513,2,2,13,2,12,12,1
3514,2,2,15,1,2,1,11
3515,2,2,22,1,1,8,23
3519,3,2,20,5,15,11,1
3521,4,2,0,1,13,2,4
3522,4,2,0,1,1,1,10
3524,4,2,6,1,7,2,1
3525,4,2,9,6,3,1,7
3527,4,2,19,2,17,2,2
3528,4,2,21,1,5,2,5
3534,5,2,22,2,2,1,12
3539,6,2,7,6,17,4,1
3542,7,3,0,2,1,6,2
3546,7,3,4,2,1,2,3
3548,7,3,8,4,9,1,13
3549,7,3,8,1,17,3,9
3550,1,3,0,4,17,1,12
3551,1,3,2,3,17,3,6
3552,1,3,2,3,6,1,12
3553,1,3,13,4,17,10,2
3554,1,3,14,5,10,1,2
3555,1,3,19,1,1,1,6
3557,2,3,9,1,13,1,13
3558,2,3,11,1,15,12,1
3559,2,3,20,4,17,6,22
3560,3,3,7,2,7,2,11
3566,3,3,22,1,3,1,9
3567,4,3,2,2,17,1,12
3568,4,3,9,6,2,3,9
3571,5,3,4,3,17,2,1
3572,5,3,5,6,17,3,7
3573,5,3,12,1,17,1,3
3574,5,3,15,1,17,2,1
3575,5,3,19,1,1,1,3
3577,6,3,2,5,3,1,11
3579,6,3,4,4,9,9,3
3583,6,3,22,2,4,3,6
3585,7,3,6,1,13,1,10
3588,7,3,10,2,12,1,11
3593,1,3,16,1,9,7,4
3594,1,3,23,1,3,1,11
3597,2,3,11,1,3,4,2
3599,2,3,22,1,17,7,2
3601,3,3,3,1,8,2,10
3602,3,3,9,1,1,3,9
3605,3,3,18,2,1,1,12
3610,4,3,4,1,10,1,10
3611,4,3,22,1,7,1,4
3613,5,3,8,6,5,1,4
3614,5,3,9,1,7,3,8
3618,6,3,1,1,1,1,10
3620,6,3,4,1,7,3,7
3622,6,3,23,3,3,1,10
3624,7,3,0,1,7,1,12
3625,7,3,0,1,3,1,11
3628,7,3,3,2,1,1,11
3629,7,3,4,2,14,2,4
3630,7,3,5,1,17,2,11
3631,7,3,11,1,1,1,13
3635,1,3,0,1,9,5,20
3637,1,3,5,2,2,2,17
3638,1,3,5,2,3,3,8
3640,1,3,14,1,1,1,11
3641,1,3,22,1,10,1,5
3642,1,3,23,1,6,2,5
3643,2,3,8,1,1,1,13
3647,4,3,0,4,17,12,23
3648,4,3,0,1,3,2,9
3651,4,3,8,3,6,1,2
3652,4,3,10,1,17,3,9
3653,4,3,13,4,9,3,9
3654,4,3,15,5,15,3,9
3656,4,3,20,1,1,5,21
3659,5,3,3,1,1,2,20
3662,5,3,14,1,1,2,7
3666,6,3,19,2,2,1,6
3667,6,3,20,1,1,2,23
3669,6,3,23,3,3,4,2
3672,7,3,4,1,3,1,10
3673,7,3,5,1,4,7,3
3674,7,3,5,1,2,1,11
3676,1,3,2,1,3,1,4
3677,1,3,5,1,2,1,5
3678,1,3,8,3,3,3,8
3679,1,3,11,1,1,1,5
3683,1,3,23,2,2,1,13
3685,2,3,14,1,2,2,1
3686,2,3,17,1,1,2,17
3691,3,3,6,1,3,1,4
3695,3,3,17,1,13,1,3
3700,4,3,8,1,12,1,4
3703,5,3,0,1,17,5,20
3704,5,3,1,5,4,2,22
3706,5,3,4,2,16,1,7
3707,5,3,6,2,3,2,1
3712,6,3,3,1,5,3,9
3714,6,3,5,2,17,1,12
3715,6,3,5,1,9,1,5
3717,7,3,0,1,1,4,1
3719,7,3,2,3,6,1,10
3720,7,3,3,1,1,3,7
3722,1,3,4,1,1,1,6
3723,1,3,8,1,9,1,11
3726,1,3,18,1,5,1,6
3728,1,3,23,1,10,4,4
3729,1,3,23,1,6,8,1
3731,2,3,4,1,1,2,15
3732,2,3,5,2,3,1,3
3734,2,3,9,1,5,1,3
3735,2,3,12,1,1,2,11
3737,2,3,14,2,17,11,1
3738,2,3,22,5,10,3,6
3739,3,4,3,1,6,3,9
3741,3,4,6,6,2,10,2
3745,4,4,0,1,6,1,13
3746,4,4,0,6,17,2,11
3747,4,4,0,2,2,2,11
3752,4,4,21,1,6,2,9
3754,5,4,3,1,4,1,2
3755,5,4,3,3,17,1,2
3756,5,4,6,2,4,6,2
3757,5,4,16,1,13,6,2
3758,5,4,17,1,1,7,1
3762,6,4,5,1,2,3,7
3763,6,4,12,2,17,1,12
3764,6,4,17,1,7,1,12
3765,6,4,18,1,17,3,7
3767,6,4,20,1,1,2,22
3769,7,4,1,1,17,1,6
3773,7,4,12,4,17,9,2
3774,7,4,20,1,1,1,13
3775,7,4,21,3,3,4,3
3776,7,4,22,2,2,2,5
3778,1,4,0,1,5,7,3
3779,1,4,7,6,5,3,6
3780,1,4,13,1,16,3,6
3785,2,4,4,6,17,12,1
3787,2,4,21,1,1,2,1
3792,3,4,17,2,17,1,12
3793,4,4,10,1,9,1,5
3794,4,4,20,4,17,8,1
3795,5,4,1,1,8,1,4
3800,5,4,14,3,15,3,9
3804,6,4,8,6,1,9,3
3809,6,4,12,1,3,10,2
3812,6,4,19,1,6,1,4
3817,7,4,12,1,14,5,20
3818,7,4,13,1,17,12,1
3819,7,4,20,1,2,2,1
3823,7,4,23,5,5,2,4
3827,1,4,1,1,5,1,9
3828,1,4,1,1,6,1,9
3829,1,4,9,1,8,1,13
3830,1,4,11,1,1,2,4
3831,1,4,19,1,11,1,11
3835,2,4,3,1,1,1,11
3836,2,4,8,1,1,2,6
3837,2,4,11,1,4,1,1
3839,2,4,16,1,9,1,4
3841,3,4,0,2,2,7,1
3843,3,4,4,2,1,1,12
3844,3,4,10,6,17,5,20
3849,3,4,21,3,3,5,19
3853,4,4,7,1,3,3,9
3855,4,4,11,1,2,4,1
3858,4,4,16,3,1,1,3
3859,4,4,16,1,1,1,4
3861,5,4,3,3,4,1,12
3862,5,4,3,6,17,1,8
3863,5,4,3,4,17,1,8
3864,5,4,5,1,17,3,6
3865,5,4,13,1,9,10,1
3867,6,4,0,1,10,1,11
3870,6,4,5,1,2,3,6
3871,6,4,6,1,13,3,7
3872,6,4,10,1,8,1,11
3873,6,4,18,1,8,2,18
3877,7,4,4,2,2,1,2
3881,7,4,22,3,5,7,1
3883,1,4,3,1,1,8,2
3884,1,4,3,5,17,2,4
3885,1,4,7,1,12,2,23
3889,1,4,17,2,1,1,13
3891,1,4,17,5,1,2,17
3892,1,4,19,1,1,2,5
3894,1,4,23,1,1,5,20
3895,2,4,0,1,1,4,1
3896,2,4,0,1,1,2,9
3900,2,4,10,1,8,3,9
3901,2,4,14,1,10,2,3
3903,2,4,17,6,17,7,1
3904,2,4,18,4,17,3,7
3907,3,4,10,5,17,3,6
3909,3,4,21,1,8,2,2
3910,3,4,21,2,2,1,11
3913,4,4,2,2,12,12,2
3917,4,4,11,1,14,2,4
3926,5,4,3,2,17,3,8
3930,5,4,11,1,2,5,21
3933,5,4,20,2,2,3,9
3935,6,4,1,2,2,2,1
3938,6,4,10,1,7,1,7
3939,6,4,11,1,17,1,7
3946,7,4,4,1,1,7,1
3949,7,4,6,1,1,7,3
3951,7,4,12,1,13,3,7
3952,7,4,12,2,1,1,12
3954,7,4,21,1,11,3,9
3957,1,4,3,5,10,1,8
3958,1,4,9,1,2,2,15
3959,1,4,15,2,17,2,1
3962,1,4,22,1,2,2,5
3965,2,4,0,1,4,5,20
3966,2,4,6,1,8,12,1
3967,2,4,6,2,1,5,21
3969,2,4,13,4,17,2,3
3970,2,4,15,1,2,2,11
3971,3,4,0,1,5,1,4
3972,3,4,0,2,2,2,11
3974,3,4,4,1,1,2,12
3975,3,4,8,1,9,1,11
3976,3,4,9,1,7,3,6
3977,3,4,9,1,3,1,3
3979,3,4,10,1,17,2,4
3980,3,4,20,5,15,5,20
3981,3,4,22,1,13,1,4
3986,4,4,5,1,1,2,10
3987,4,4,6,5,15,1,4
3990,4,4,7,1,4,5,20
3999,5,5,2,1,2,1,12
4000,5,5,3,1,1,1,7
4004,5,5,6,2,1,2,6
4006,5,5,10,1,1,2,4
4007,5,5,10,4,17,3,9
4008,5,5,11,5,5,2,2
4009,5,5,11,1,8,1,10
4010,5,5,12,1,17,2,2
4011,5,5,17,2,1,1,4
4012,5,5,21,3,1,1,11
4013,5,5,22,2,2,1,12
4017,6,5,3,1,2,12,1
4019,6,5,4,4,17,1,12
4020,6,5,10,2,1,7,1
4021,6,5,14,2,12,2,3
4026,7,5,1,5,10,2,4
4027,7,5,4,1,1,4,3
4028,7,5,11,1,7,3,9
4029,7,5,13,1,10,3,9
4030,7,5,17,4,17,1,13
4031,7,5,18,6,2,2,9
4034,1,5,1,3,17,8,1
4035,1,5,7,2,2,3,6
4036,1,5,10,1,4,2,14
4038,1,5,18,1,17,2,23
4039,1,5,20,1,2,4,1
4040,1,5,20,1,3,2,10
4046,2,5,11,1,1,5,21
4047,2,5,15,1,17,12,1
4055,3,5,1,2,1,2,15
4056,3,5,6,1,1,1,12
4063,4,5,1,1,6,1,10
4064,4,5,4,1,5,2,2
4065,4,5,8,1,10,11,1
4067,4,5,10,1,1,1,13
4069,4,5,15,1,1,1,4
4074,4,5,23,3,6,1,4
4075,4,5,23,1,3,1,4
4076,5,5,0,4,17,1,12
4078,5,5,5,2,2,2,2
4083,5,5,18,1,13,8,23
4084,5,5,21,3,3,5,20
4086,6,5,3,1,1,1,13
4088,6,5,6,1,2,1,4
4089,6,5,19,2,2,6,2
4090,6,5,20,4,17,7,3
4093,7,5,1,1,15,2,17
4095,7,5,3,2,4,12,1
4098,7,5,5,1,17,12,1
4099,7,5,11,1,1,1,13
4103,1,5,6,6,17,12,2
4104,1,5,10,2,1,12,1
4106,1,5,11,4,17,6,1
4108,1,5,18,2,2,2,3
4110,1,5,20,3,17,10,1
4112,1,5,22,1,7,2,4
4114,2,5,0,2,1,1,4
4116,2,5,7,1,1,2,1
4117,2,5,8,1,14,1,10
4119,2,5,21,3,5,2,2
4120,2,5,22,1,4,2,5
4122,2,5,23,1,15,1,4
4123,3,5,1,2,2,4,2
4124,3,5,7,1,3,3,9
4125,3,5,9,1,1,1,5
4128,3,5,12,2,1,11,1
4129,3,5,18,1,4,4,1
4130,3,5,19,1,2,10,1
4131,3,5,22,4,9,2,3
4134,4,5,0,1,1,1,5
4136,4,5,3,2,2,1,9
4137,4,5,8,1,3,2,12
4138,4,5,20,1,2,1,13
4139,5,5,0,1,1,5,19
4140,5,5,1,2,17,6,2
4142,5,5,3,1,2,1,9
4143,5,5,6,5,5,4,4
4146,5,5,21,1,17,1,2
4148,5,5,23,1,5,3,7
4149,6,5,2,2,1,3,7
4150,6,5,2,2,2,4,1
4151,6,5,2,2,4,10,22
4153,6,5,9,1,10,3,6
4154,6,5,9,1,9,4,22
4155,6,5,11,5,17,3,6
4156,6,5,15,1,8,10,2
4158,6,5,22,1,4,1,4
4161,7,5,1,5,17,12,2
4162,7,5,4,1,5,2,6
4163,7,5,8,1,13,3,7
4164,7,5,8,1,6,3,7
4166,7,5,15,2,7,2,6
4167,7,5,19,1,15,2,11
4169,1,5,0,3,17,1,12
4170,1,5,6,1,3,3,9
4172,1,5,6,1,4,1,11
4179,2,5,7,2,17,5,20
4180,2,5,8,3,6,6,2
4181,2,5,8,1,3,5,21
4186,2,5,21,1,17,3,8
4187,2,5,22,2,1,2,1
4188,2,5,22,3,2,2,17
4190,2,5,23,1,7,5,20
4191,3,5,8,1,2,5,20
4192,3,5,19,1,3,1,11
4193,3,5,21,2,7,2,1
4194,3,5,21,1,17,1,11
4196,4,5,0,3,16,3,9
4198,4,5,2,1,15,1,11
4199,4,5,4,1,1,3,8
4202,4,5,7,1,2,1,11
4206,4,5,17,1,17,1,10
4209,5,5,8,1,17,2,18
4210,5,5,8,2,2,10,2
4211,5,5,12,3,3,6,2
4212,5,5,22,1,1,1,9
4214,6,5,2,6,1,1,11
4218,6,5,15,6,17,1,3
4219,6,5,15,1,17,1,3
4220,6,5,19,2,2,9,23
4224,6,5,23,2,3,1,2
4225,7,5,2,6,17,2,12
4227,7,5,7,2,2,1,5
4231,7,5,23,1,1,2,15
4236,1,5,22,1,11,3,9
4238,2,5,1,1,1,2,1
4240,2,5,22,1,1,10,2
4246,3,5,3,1,1,4,1
4247,3,5,7,2,17,1,10
4252,4,5,5,2,1,1,13
4253,4,5,8,3,3,3,8
4255,4,5,15,1,2,11,1
4258,5,5,0,3,1,1,4
4259,5,5,3,1,1,1,13
4260,5,5,4,2,4,2,8
4261,5,5,5,6,5,4,2
4263,5,5,6,1,11,3,6
4274,6,5,7,1,17,3,9
4279,6,5,23,1,1,5,20
4280,7,5,0,1,17,2,24
4282,7,5,2,1,1,5,20
4283,7,5,3,1,2,3,8
4284,7,5,17,1,5,1,12
4286,7,5,19,1,10,3,9
4287,1,6,0,1,1,2,16
4289,1,6,8,1,17,3,8
4290,1,6,22,1,8,3,9
4291,2,6,6,1,8,1,5
4297,2,6,22,1,6,12,1
4298,2,6,23,1,1,9,3
4300,3,6,0,1,1,2,6
4301,3,6,6,1,6,2,13
4305,4,6,4,1,1,3,6
4306,4,6,12,3,4,2,14
4307,4,6,17,1,3,10,2
4317,5,6,17,4,9,2,5
4319,6,6,3,2,2,1,12
4320,6,6,3,1,5,7,3
4321,6,6,9,1,7,4,1
4322,6,6,9,1,1,4,1
4323,6,6,9,1,1,4,1
4324,6,6,10,2,17,1,10
4326,6,6,18,2,2,1,12
4328,7,6,0,1,5,3,9
4329,7,6,0,1,5,1,4
4331,7,6,3,1,3,8,2
4332,7,6,6,2,16,1,12
4335,7,6,10,1,17,6,1
4336,7,6,12,2,10,3,9
4341,1,6,5,1,1,1,5
4343,1,6,8,6,3,12,1
4345,1,6,14,1,1,5,18
4348,1,6,22,1,1,2,5
4349,1,6,23,3,1,3,6
4350,2,6,0,4,9,3,9
4352,2,6,4,1,3,2,17
4353,2,6,7,4,17,1,5
4359,3,6,7,2,1,1,4
4361,3,6,21,1,17,5,20
4363,4,6,8,1,12,2,8
4366,5,6,1,4,9,2,13
4368,5,6,6,3,17,1,2
4373,5,6,20,1,9,5,18
4375,5,6,23,1,4,1,7
4376,6,6,3,1,9,1,12
4377,6,6,4,2,2,10,2
4378,6,6,5,6,17,12,1
4385,7,6,21,1,1,9,1
4389,1,6,12,1,9,1,10
4393,2,6,1,1,9,1,5
4394,2,6,1,1,1,1,2
4395,2,6,2,1,16,3,8
4397,2,6,8,1,4,2,23
4398,2,6,10,6,17,2,22
4399,2,6,11,1,7,1,9
4400,2,6,12,1,4,1,4
4401,2,6,17,1,2,1,13
4402,2,6,19,1,5,2,4
4403,2,6,20,1,17,1,9
4404,2,6,22,2,7,2,23
4406,3,6,6,1,7,10,1
4407,3,6,6,3,3,1,5
4413,4,6,19,3,2,2,15
4414,4,6,21,1,4,5,20
4416,5,6,2,1,14,4,1
4419,5,6,7,1,17,1,1
4420,5,6,7,1,11,5,20
4421,5,6,7,2,2,6,2
4422,5,6,9,1,17,7,2
4423,5,6,11,2,1,2,8
4425,5,6,21,3,1,2,6
4433,6,6,11,1,1,2,10
4435,7,6,0,1,14,4,1
4442,1,6,5,1,1,2,1
4444,1,6,22,1,16,1,2
4447,2,6,14,1,13,1,1
4451,3,6,3,3,2,1,6
4457,3,6,23,1,1,2,4
4460,4,6,6,4,17,7,24
4466,4,6,20,1,9,2,1
4467,5,6,10,2,2,3,9
4471,6,6,0,2,17,1,12
4472,6,6,3,2,17,1,12
4474,6,6,8,3,15,8,1
4477,6,6,21,2,1,9,3
4480,7,6,1,1,1,1,4
4481,7,6,3,2,4,1,2
4483,7,6,13,1,3,6,1
4485,7,6,21,6,17,1,5
4487,1,6,6,1,2,3,6
4490,1,6,21,2,16,4,3
4491,1,6,22,1,3,3,9
4492,1,6,23,1,5,2,15
4498,2,6,22,1,1,5,20
4499,3,7,3,1,2,2,3
4500,3,7,8,1,2,2,5
4504,3,7,22,1,1,2,5
4506,4,7,1,1,6,3,9
4508,4,7,18,1,6,1,2
4510,5,7,2,2,2,1,12
4511,5,7,6,4,17,1,7
4513,5,7,8,2,2,9,1
4515,5,7,19,1,1,9,3
4517,6,7,7,1,14,2,23
4520,6,7,20,1,17,1,5
4521,6,7,21,1,11,2,1
4522,6,7,21,3,12,4,2
4525,7,7,2,6,17,4,1
4530,7,7,7,1,1,1,3
4531,7,7,12,4,9,2,4
4532,7,7,13,1,1,2,4
4535,7,7,20,1,2,1,7
4538,1,7,10,1,6,1,2
4541,1,7,19,4,17,5,20
4543,1,7,22,2,17,2,11
4546,2,7,2,1,17,2,14
4547,2,7,7,1,16,6,2
4557,3,7,9,2,2,4,2
4560,3,7,21,1,15,3,6
4563,4,7,6,1,17,2,11
4570,4,7,11,1,2,2,2
4577,5,7,20,3,3,2,1
4580,6,7,1,2,2,1,2
4581,6,7,1,3,3,6,2
4586,6,7,15,1,1,6,1
4587,6,7,16,1,3,2,1
4589,7,7,5,2,2,7,3
4590,7,7,8,1,1,1,10
4591,7,7,9,5,5,1,13
4592,7,7,13,5,17,5,18
4595,7,7,19,1,4,7,3
4601,2,7,14,4,17,12,1
4602,2,7,15,1,14,3,9
4604,3,7,0,2,1,1,12
4605,3,7,2,1,14,2,4
4607,3,7,7,1,11,3,6
4610,3,7,8,1,5,1,12
4612,3,7,17,1,17,1,6
4614,3,7,23,1,8,1,8
4615,4,7,0,1,8,1,5
4617,4,7,3,1,3,6,1
4620,4,7,9,6,8,1,2
4621,4,7,10,1,1,1,2
4624,4,7,21,3,3,1,3
4627,5,7,1,6,5,1,2
4629,5,7,3,6,17,4,4
4630,5,7,3,6,17,4,4
4631,5,7,3,1,6,4,1
4633,6,7,2,1,4,1,12
4634,6,7,3,1,2,2,10
4640,7,7,1,1,14,2,13
4643,7,7,7,5,3,10,2
4644,7,7,8,4,17,6,1
4645,7,7,8,4,9,9,1
4646,7,7,9,5,17,12,1
4647,7,7,11,6,17,2,14
4649,1,7,14,1,4,8,22
4656,2,7,19,1,6,3,7
4662,3,7,11,1,17,1,12
4664,3,7,22,1,2,2,4
4667,4,7,14,3,17,1,4
4668,4,7,20,4,17,12,1
4669,4,7,22,1,6,3,9
4671,5,7,8,2,7,9,3
4673,5,7,13,1,13,7,3
4674,5,7,13,1,1,4,2
4679,6,7,1,6,17,2,2
4681,6,7,4,3,3,1,12
4684,6,7,16,1,2,10,1
4685,6,7,23,1,1,2,17
4687,7,7,2,1,4,2,14
4689,7,7,4,1,3,2,9
4690,7,7,12,1,3,2,3
4691,7,7,16,1,2,1,1
4692,7,7,19,1,1,2,3
4695,1,7,0,1,3,1,6
4697,1,7,8,2,2,3,9
4698,1,7,8,1,3,6,2
4699,1,7,8,3,17,2,5
4700,1,7,8,1,6,2,4
4706,2,7,1,6,13,4,1
4707,2,7,4,1,3,4,3
4708,2,7,5,1,1,2,17
4709,2,7,8,1,3,2,23
4710,2,7,9,2,12,1,13
4711,2,7,18,1,6,10,2
4712,2,7,20,1,4,1,8
4714,3,7,0,1,8,2,4
4717,3,7,6,1,1,2,1
4720,3,7,21,4,17,7,1
4723,4,7,6,1,3,3,9
4724,4,7,6,1,17,1,4
4727,4,7,13,4,17,1,10
4729,4,7,18,1,1,3,23
4730,4,7,19,1,13,1,9
4733,4,7,21,1,1,12,1
4734,4,7,23,1,17,3,6
4737,5,7,12,2,1,12,1
4738,5,7,17,1,17,4,3
4740,5,7,20,1,4,1,4
4744,6,8,0,1,17,2,4
4749,6,8,11,3,6,1,5
4752,6,8,22,1,1,4,2
4754,7,8,2,1,3,2,3
4758,1,8,1,4,17,9,2
4759,1,8,2,2,1,10,2
4760,1,8,12,1,6,5,20
4762,1,8,22,5,2,2,1
4767,2,8,22,1,1,4,23
4769,3,8,4,6,17,9,3
4770,3,8,9,1,3,1,3
4773,3,8,19,3,2,1,4
4776,4,8,3,1,6,3,9
4778,4,8,12,1,10,1,4
4780,4,8,18,1,2,1,2
4783,4,8,20,1,1,2,22
4785,5,8,1,1,13,6,2
4786,5,8,3,1,4,1,12
4787,5,8,4,1,17,1,13
4788,5,8,4,1,3,5,20
4789,5,8,5,5,5,5,18
4790,5,8,7,6,17,9,1
4791,5,8,8,3,6,12,1
4792,5,8,9,2,3,3,8
4793,5,8,15,1,1,1,10
4797,5,8,22,1,4,3,9
4799,6,8,0,4,17,1,4
4802,6,8,3,1,2,4,2
4806,6,8,9,1,3,2,3
4807,6,8,9,3,6,3,9
4808,6,8,11,2,2,2,14
4809,6,8,20,2,3,12,1
4810,7,8,0,1,6,2,4
4811,7,8,3,1,1,2,17
4812,7,8,3,1,17,4,1
4813,7,8,4,3,15,3,9
4814,7,8,6,1,17,7,2
4817,7,8,10,3,17,12,1
4818,7,8,13,1,2,2,17
4819,7,8,14,1,16,1,4
4820,7,8,16,1,8,1,7
4821,7,8,17,6,17,9,23
4822,7,8,17,1,7,1,4
4824,7,8,23,1,17,2,17
4828,1,8,9,1,1,3,6
4829,1,8,10,5,17,3,7
4831,1,8,23,1,6,5,21
4835,3,8,0,1,3,12,2
4837,3,8,5,1,1,1,6
4838,3,8,6,1,2,1,6
4839,3,8,6,1,17,4,1
4841,3,8,8,1,5,3,9
4842,3,8,16,5,10,9,23
4845,4,8,0,6,17,2,1
4846,4,8,8,2,1,2,1
4848,4,8,8,5,3,3,9
4849,4,8,9,1,17,1,12
4850,4,8,9,1,14,2,1
4851,4,8,10,6,2,2,23
4854,5,8,5,2,2,2,14
4859,5,8,8,1,15,1,9
4860,5,8,12,6,17,2,2
4862,5,8,15,4,9,7,1
4863,5,8,17,2,10,1,4
4865,5,8,20,1,1,2,3
4866,5,8,21,6,17,2,2
4869,6,8,10,1,14,2,4
4875,7,8,9,2,17,12,22
4879,1,8,3,1,1,1,7
4880,1,8,9,1,10,1,9
4881,1,8,11,1,3,6,1
4883,1,8,19,1,1,3,7
4885,2,8,3,1,14,1,8
4886,2,8,4,2,14,1,11
4888,2,8,7,1,17,4,1
4889,2,8,8,1,6,1,4
4893,2,8,23,1,1,4,1
4895,3,8,2,2,4,8,1
4896,3,8,6,3,3,1,6
4897,3,8,7,4,9,1,2
4898,3,8,7,1,1,2,17
4900,3,8,10,1,16,1,11
4901,3,8,16,1,14,2,6
4903,3,8,19,6,5,1,2
4905,4,8,3,3,6,1,1
4908,4,8,8,6,17,12,25
4909,4,8,10,2,2,2,11
4911,4,8,16,6,17,12,25
4912,4,8,19,3,6,1,6
4914,4,8,22,6,17,12,25
4916,5,8,3,1,15,1,9
4917,5,8,3,1,5,2,12
4918,5,8,7,1,1,3,7
4920,5,8,8,2,1,4,4
4921,5,8,9,1,14,2,1
4930,6,8,11,1,1,1,4
4931,6,8,11,1,10,1,7
4933,6,8,16,1,4,1,3
4939,7,8,5,1,3,1,8
4940,7,8,6,1,4,2,4
4942,7,8,11,1,3,2,12
4944,1,8,2,1,4,1,4
4946,1,8,4,6,8,3,8
4950,1,8,10,1,4,3,7
4954,1,8,21,1,1,1,13
4955,1,8,21,1,7,1,7
4957,2,8,2,2,2,1,2
4959,2,8,14,1,3,5,20
4964,3,8,5,1,10,2,22
4965,3,8,5,1,2,2,12
4967,3,8,8,1,14,1,11
4968,3,8,14,2,17,11,23
4971,3,8,21,1,4,2,9
4972,4,8,1,2,2,1,11
4973,4,8,5,1,3,1,9
4974,4,8,8,1,11,3,6
4975,4,8,8,6,5,6,1
4976,4,8,15,2,17,7,1
4977,4,8,20,5,17,7,1
4981,5,8,1,1,1,1,13
4983,5,8,7,1,2,5,18
4984,5,8,13,1,1,1,4
4985,5,8,15,1,1,1,6
4986,5,8,18,1,3,1,5
4989,5,8,21,3,8,8,1
4991,6,8,8,2,1,6,2
4992,6,8,8,1,1,1,12
4993,6,8,11,6,5,1,12
4994,6,8,17,5,2,6,1
5004,1,8,3,1,1,2,9
5007,1,8,6,3,6,2,16
5010,1,8,9,6,17,2,4
5011,1,8,12,1,4,2,17
5012,1,8,17,1,3,1,11
5014,1,8,18,2,2,3,6
5016,1,8,20,1,1,6,2
5019,2,9,0,3,1,2,15
5022,2,9,8,1,1,7,2
5025,2,9,19,1,1,2,2
5026,3,9,2,1,1,3,9
5027,3,9,4,1,1,1,9
5029,3,9,5,1,1,2,9
5033,3,9,19,1,17,3,6
5034,3,9,23,5,14,1,10
5035,3,9,23,1,3,2,23
5039,4,9,9,1,14,2,2
5043,4,9,21,3,5,2,4
5044,5,9,8,3,6,8,1
5048,5,9,13,2,17,5,20
5050,5,9,23,6,5,1,5
5055,6,9,21,1,1,3,7
5056,7,9,0,1,1,4,3
5058,7,9,5,1,2,5,20
5060,7,9,6,6,17,2,11
5062,7,9,13,4,17,7,2
5065,1,9,1,3,3,2,4
5067,1,9,5,1,2,12,1
5069,1,9,6,2,2,5,20
5070,1,9,8,1,6,2,23
5071,1,9,9,2,2,5,20
5074,1,9,12,1,1,2,3
5077,1,9,18,1,1,1,11
5079,1,9,21,1,1,8,2
5080,2,9,2,2,2,4,1
5081,2,9,3,1,6,3,7
5082,2,9,8,2,1,1,10
5084,2,9,18,3,5,2,2
5085,3,9,3,1,8,1,5
5090,3,9,22,5,2,2,4
5091,4,9,2,1,14,5,20
5093,4,9,7,2,2,1,12
5094,4,9,7,1,11,1,11
5096,4,9,21,2,2,2,22
5097,5,9,0,1,1,1,3
5101,5,9,15,1,1,5,20
5102,5,9,17,1,1,5,20
5104,5,9,21,1,7,1,7
5106,6,9,2,1,14,2,15
5107,6,9,2,5,2,2,16
5109,6,9,8,5,16,2,4
5110,6,9,19,1,1,1,2
5111,6,9,21,1,2,1,4
5113,7,9,1,2,2,1,9
5114,7,9,8,4,17,2,24
5115,7,9,9,2,12,5,9
5116,7,9,10,2,1,6,2
5117,7,9,11,1,1,2,16
5119,7,9,11,1,17,1,7
5124,1,9,7,3,12,2,22
5125,1,9,8,1,4,2,7
5127,1,9,16,1,1,4,1
5129,1,9,21,1,6,1,6
5131,1,9,23,1,17,1,4
5133,2,9,7,1,4,5,20
5135,2,9,20,1,3,3,9
5137,2,9,23,1,1,1,13
5138,3,9,3,1,17,12,1
5140,3,9,7,1,2,5,18
5142,4,9,10,1,1,1,9
5144,4,9,15,4,17,1,2
5145,4,9,17,1,3,1,4
5147,5,9,9,3,12,2,22
5152,6,9,7,1,2,1,13
5153,6,9,9,1,7,2,1
5154,6,9,9,1,1,2,3
5157,6,9,23,2,2,4,3
5158,7,9,3,1,4,1,9
5159,7,9,4,1,1,2,1
5160,7,9,7,1,2,5,20
5161,7,9,12,1,1,5,19
5162,7,9,18,3,17,1,10
5165,1,9,3,2,2,1,9
5167,1,9,19,1,5,1,7
5168,1,9,22,1,4,2,15
5171,2,9,2,5,10,12,1
5173,2,9,10,1,1,5,9
5176,2,9,20,3,5,8,23
5178,3,9,5,6,17,1,12
5180,3,9,8,1,1,2,1
5181,3,9,8,1,11,2,15
5185,4,9,0,1,4,1,4
5187,4,9,3,1,2,1,4
5188,4,9,4,1,1,2,11
5189,4,9,6,5,10,2,9
5193,5,9,2,1,1,5,19
5195,5,9,19,1,13,2,11
5197,5,9,22,3,17,1,2
5199,6,9,0,2,2,1,11
5200,6,9,3,2,2,2,11
5202,6,9,4,2,2,6,1
5203,6,9,5,1,1,5,20
5204,6,9,6,1,1,1,11
5206,6,9,10,1,9,8,23
5207,6,9,12,1,1,3,8
5209,6,9,18,1,1,3,9
5210,6,9,22,4,17,1,4
5211,6,9,22,3,4,3,7
5213,7,9,2,1,17,2,11
5215,7,9,4,6,5,3,7
5217,7,9,9,5,10,5,20
5218,7,9,9,6,17,1,7
5219,7,9,10,1,1,2,17
5222,7,9,20,1,5,8,23
5223,1,9,0,4,9,1,8
5224,1,9,1,6,17,1,11
5226,1,9,15,1,3,12,2
5228,1,9,21,1,4,1,12
5231,1,9,23,5,2,5,18
5233,2,9,23,1,5,1,2
5234,3,9,3,1,3,2,2
5235,3,9,21,1,5,5,19
5238,3,9,21,1,6,2,12
5239,3,9,23,1,5,3,9
5248,4,10,6,6,5,2,22
5249,4,10,11,1,1,7,1
5250,4,10,20,3,3,1,11
5254,5,10,1,3,17,2,5
5255,5,10,2,2,2,1,13
5256,5,10,2,2,2,1,12
5257,5,10,3,1,4,2,3
5259,5,10,5,1,3,8,1
5260,5,10,6,2,4,6,2
5262,5,10,10,2,2,6,1
5265,6,10,3,1,4,2,7
5267,6,10,9,2,2,5,18
5270,7,10,4,1,1,2,4
5271,7,10,8,2,8,1,12
5272,7,10,14,1,13,1,7
5273,7,10,19,2,2,2,24
5274,7,10,21,5,17,3,8
5275,7,10,21,2,2,3,8
5276,7,10,22,2,17,2,9
5277,1,10,2,1,11,3,7
5278,1,10,6,1,7,1,11
5279,1,10,8,1,11,3,9
5284,2,10,3,1,2,5,21
5285,2,10,3,1,4,1,12
5286,2,10,8,5,10,2,14
5291,2,10,21,6,17,12,1
5292,2,10,21,6,17,12,1
5294,3,10,0,1,1,2,5
5295,3,10,1,1,2,12,3
5296,3,10,7,1,1,1,7
5298,3,10,8,3,15,1,13
5301,3,10,18,1,3,1,13
5302,3,10,19,1,1,5,21
5303,3,10,21,3,1,3,9
5305,3,10,23,1,1,9,2
5308,4,10,16,1,5,1,2
5310,5,10,1,1,5,1,11
5311,5,10,2,1,14,1,7
5314,5,10,11,1,17,3,9
5316,5,10,18,1,8,2,23
5317,5,10,20,5,17,1,2
5319,6,10,0,1,8,2,20
5320,6,10,0,1,4,3,7
5321,6,10,1,2,2,6,2
5324,6,10,7,1,1,3,6
5327,6,10,8,1,1,3,9
5328,6,10,9,1,3,1,10
5332,6,10,17,1,17,8,1
5336,6,10,22,2,2,2,10
5337,7,10,10,5,17,7,1
5340,7,10,20,4,17,3,8
5342,1,10,3,1,1,2,4
5346,1,10,16,1,8,4,2
5349,2,10,3,1,9,1,13
5350,2,10,6,1,15,3,7
5351,2,10,6,2,2,3,7
5352,2,10,7,2,8,2,2
5353,2,10,8,3,3,6,1
5355,2,10,11,1,1,1,13
5359,2,10,19,2,2,7,3
5360,2,10,20,1,4,5,20
5361,2,10,23,1,2,2,12
5363,3,10,6,1,1,1,11
5365,3,10,7,2,2,5,18
5367,3,10,8,1,7,5,18
5369,3,10,10,1,4,8,1
5372,3,10,20,1,7,1,13
5374,4,10,0,5,10,11,1
5379,4,10,8,1,17,5,18
5380,4,10,16,1,17,4,1
5383,4,10,21,1,7,5,21
5384,4,10,21,5,17,3,7
5386,5,10,0,1,2,6,1
5387,5,10,0,4,17,9,3
5388,5,10,3,2,14,1,11
5392,5,10,5,6,5,1,3
5393,5,10,6,1,1,3,6
5396,5,10,16,4,17,4,1
5400,5,10,19,1,11,1,7
5401,5,10,20,2,2,1,7
5404,6,10,0,2,2,1,12
5406,6,10,1,2,4,1,12
5407,6,10,1,1,3,1,12
5409,6,10,9,3,6,3,9
5410,6,10,10,1,11,3,9
5411,6,10,18,1,1,1,10
5412,6,10,20,2,16,12,1
5414,7,10,5,1,1,5,20
5415,7,10,9,1,16,2,2
5417,7,10,22,2,17,2,3
5418,7,10,23,5,10,3,9
5419,1,10,5,6,17,2,23
5420,1,10,7,1,4,5,20
5422,1,10,10,5,10,3,9
5426,1,10,22,3,3,2,2
5430,2,10,12,1,4,2,4
5432,2,10,22,1,3,1,6
5433,3,10,2,1,7,1,4
5435,3,10,10,1,8,9,3
5436,3,10,12,1,1,1,13
5437,3,10,16,3,17,4,1
5438,3,10,18,1,1,1,8
5439,3,10,21,3,3,3,7
5440,4,10,4,2,2,1,12
5443,4,10,7,2,2,1,1
5444,4,10,8,1,3,1,10
5446,4,10,23,1,8,3,7
5447,4,10,23,3,17,1,12
5449,5,10,3,1,9,3,8
5450,5,10,7,1,6,1,10
5451,5,10,8,1,1,4,2
5453,5,10,12,1,7,5,20
5457,5,10,22,1,8,1,5
5458,6,10,2,1,4,1,11
5460,6,10,5,1,3,3,9
5463,6,10,8,1,10,2,11
5466,6,10,20,1,10,2,8
5470,7,10,4,1,10,4,2
5471,7,10,9,5,16,6,1
5472,7,10,23,1,16,10,2
5473,1,10,2,6,13,4,2
5474,1,10,2,6,17,4,2
5475,1,10,3,6,3,3,23
5477,1,10,8,2,1,3,7
5481,1,10,13,6,17,6,1
5484,2,10,4,1,3,3,8
5485,2,10,5,4,17,7,24
5486,2,10,8,1,3,5,18
5487,2,10,8,6,17,3,8
5488,2,10,15,1,13,1,6
5489,2,10,22,2,8,8,1
5490,2,10,23,1,2,3,6
5491,3,10,0,4,17,3,8
5493,3,10,0,3,6,2,4
5494,3,10,3,1,6,1,11
5495,3,10,7,1,3,3,9
5496,3,10,8,4,17,12,22
5497,3,10,8,3,3,3,6
5498,3,10,13,3,14,2,15
5500,3,10,22,3,3,6,2
5502,4,10,0,3,1,11,1
5504,4,10,3,1,6,2,4
5505,4,10,5,1,1,8,1
5507,4,10,13,4,17,9,4
5508,4,10,15,2,1,3,6
5513,5,10,5,1,11,2,6
5514,5,10,6,5,10,5,20
5515,5,10,7,4,17,2,11
5516,5,10,7,1,3,10,2
5518,5,10,9,2,2,1,10
5519,5,10,11,4,9,11,1
5520,5,10,12,1,7,1,8
5521,5,10,20,1,17,4,1
5522,5,10,21,1,6,1,1
5523,6,10,0,1,1,3,9
5524,6,10,0,3,6,1,10
5525,6,10,1,6,17,3,9
5526,6,10,1,6,17,3,9
5528,6,10,4,1,1,2,3
5529,6,10,11,1,4,6,1
5531,7,11,2,1,2,1,12
5532,7,11,3,1,1,1,11
5534,7,11,11,3,3,2,8
5537,7,11,21,2,2,2,6
5538,1,11,0,2,17,2,6
5540,1,11,3,2,2,2,4
5543,1,11,6,2,3,5,21
5544,1,11,19,3,17,1,6
5546,1,11,22,6,16,2,10
5547,2,11,0,1,3,1,13
5550,2,11,3,1,17,1,11
5551,2,11,5,1,3,5,21
5554,2,11,9,1,4,1,8
5555,2,11,18,1,10,7,3
5556,2,11,6,1,1,1,4
5557,3,11,5,5,3,1,7
5558,3,11,11,6,17,2,14
5559,3,11,11,6,17,2,14
5560,3,11,14,1,6,3,9
5562,3,11,23,1,8,2,1
5563,4,11,0,5,17,4,1
5564,4,11,5,1,4,3,9
5566,4,11,8,1,1,1,10
5569,4,11,17,1,1,5,19
5572,4,11,7,3,2,2,22
5573,5,11,3,4,9,12,9
5574,5,11,6,1,1,5,20
5575,5,11,7,2,2,6,2
5576,6,11,0,5,5,2,6
5579,6,11,3,1,8,2,2
5580,6,11,3,1,4,8,1
5581,6,11,6,4,17,2,11
5582,6,11,8,1,15,1,5
5583,6,11,9,1,4,2,17
5587,7,11,1,3,5,3,9
5589,7,11,4,1,1,1,2
5591,7,11,6,1,17,1,4
5595,7,11,22,1,3,1,13
5599,1,11,6,3,17,5,21
5601,1,11,8,5,17,1,2
5602,1,11,8,3,6,6,1
5603,1,11,8,5,17,2,14
5612,2,11,10,1,17,1,10
5615,2,11,22,3,3,3,6
5617,3,11,5,1,15,1,11
5618,3,11,6,1,3,1,13
5621,3,11,8,3,6,12,1
5622,3,11,9,2,4,1,6
5625,3,11,15,2,2,1,4
5628,3,11,22,1,1,4,1
5629,3,11,23,2,2,3,7
5630,4,11,0,3,1,3,6
5631,4,11,0,1,1,3,6
5632,4,11,2,1,3,3,9
5633,4,11,12,1,1,9,1
5636,5,11,7,1,3,2,14
5637,5,11,7,1,1,5,19
5643,6,11,0,1,6,2,22
5645,6,11,3,4,17,7,3
5646,6,11,3,1,14,1,10
5647,6,11,4,1,1,2,15
5651,7,11,0,1,17,1,5
5653,7,11,11,3,8,1,4
5655,7,11,20,1,2,2,4
5656,7,11,22,1,1,5,20
5658,1,11,0,1,4,3,8
5660,1,11,13,2,16,2,11
5661,1,11,16,4,17,7,2
5662,1,11,18,1,1,4,1
5663,1,11,18,4,17,9,2
5664,2,11,2,1,4,8,23
5665,2,11,5,1,5,1,2
5669,2,11,15,1,3,3,9
5670,2,11,18,2,2,3,8
5673,2,11,22,1,17,1,2
5674,2,11,22,3,17,1,2
5675,2,11,23,2,17,1,1
5676,3,11,0,3,1,1,12
5678,3,11,1,1,1,2,14
5679,3,11,7,1,1,5,20
5680,3,11,7,1,3,2,2
5682,3,11,8,1,2,1,2
5683,3,11,9,3,3,3,7
5684,3,11,11,1,14,2,1
5685,3,11,15,1,5,2,23
5686,3,11,20,3,1,1,12
5687,3,11,22,6,17,2,23
5688,3,11,23,1,1,3,6
5690,3,11,23,4,17,3,8
5691,4,11,1,1,14,2,1
5696,4,11,20,1,4,8,1
5697,4,11,22,1,13,1,10
5698,4,11,23,3,16,6,2
5699,5,11,0,1,6,3,9
5700,5,11,0,1,1,5,20
5701,5,11,3,1,2,1,3
5702,5,11,7,1,17,1,4
5703,5,11,7,1,1,4,1
5705,5,11,10,3,3,1,4
5707,5,11,17,1,3,5,20
5709,5,11,21,5,3,1,4
5710,5,11,21,2,2,2,4
5711,5,11,22,1,3,3,9
5713,6,11,0,1,2,7,2
5714,6,11,0,2,7,1,11
5715,6,11,4,1,1,3,6
5716,6,11,10,1,7,5,21
5717,6,11,22,1,1,5,20
5720,7,11,0,2,16,1,12
5721,7,11,1,1,1,5,20
5724,7,11,23,4,17,3,8
5730,1,11,12,5,10,1,10
5731,1,11,21,1,1,1,4
5735,2,11,8,2,2,3,9
5739,2,11,22,1,3,5,20
5740,2,11,23,6,16,1,12
5741,2,11,23,3,4,5,20
5742,3,11,7,1,7,6,1
5743,3,11,8,1,2,1,9
5745,3,11,20,1,1,4,1
5746,3,11,23,1,17,2,3
5747,4,11,7,1,14,1,11
5748,4,11,7,2,2,1,9
5751,4,11,19,1,1,1,6
5754,5,11,2,1,8,1,13
5758,5,11,4,1,8,1,9
5763,5,11,23,1,1,2,15
5766,6,11,4,1,2,1,10
5767,6,11,5,1,3,3,6
5768,6,11,5,1,1,4,1
5769,6,11,9,1,3,6,2
5771,6,11,21,6,17,1,3
5773,7,11,2,1,14,11,2
5778,7,11,23,6,17,2,23
5779,1,11,3,1,3,1,7
5780,1,11,7,1,5,1,11
5783,1,11,9,1,4,3,6
5785,1,11,12,1,17,6,1
5787,1,11,21,1,17,10,2
5793,2,12,0,2,4,3,7
5795,2,12,7,1,7,1,6
5796,2,12,16,1,1,1,11
5801,3,12,3,2,2,2,4
5805,3,12,7,1,1,4,1
5807,3,12,21,4,17,9,3
5808,3,12,23,2,1,1,11
5809,4,12,2,1,2,2,23
5811,4,12,7,1,2,1,10
5817,5,12,23,1,7,3,9
5819,6,12,4,1,2,1,6
5821,6,12,7,2,2,2,1
5823,6,12,9,2,2,12,3
5824,6,12,11,1,7,1,6
5826,6,12,22,3,2,2,14
5827,6,12,23,1,1,5,20
5829,7,12,2,3,3,6,2
5832,7,12,15,2,17,1,6
5835,1,12,22,1,2,3,9
5836,2,12,1,2,2,2,20
5837,2,12,3,1,1,2,4
5838,2,12,4,3,16,11,1
5840,2,12,8,3,11,5,19
5841,2,12,10,3,8,11,1
5843,2,12,13,1,1,3,6
5844,2,12,22,1,5,1,11
5846,3,12,0,1,3,12,1
5847,3,12,2,1,14,3,8
5850,3,12,22,1,1,5,20
5851,3,12,23,1,4,2,15
5852,4,12,1,1,1,1,11
5853,4,12,3,3,1,6,2
5856,4,12,10,3,12,2,15
5859,4,12,22,1,11,5,20
5860,5,12,0,1,7,1,2
5861,5,12,0,2,2,1,12
5862,5,12,0,2,2,1,12
5864,5,12,5,1,7,5,19
5865,5,12,6,1,8,9,2
5867,5,12,9,1,8,3,9
5868,5,12,17,2,2,3,8
5870,5,12,22,1,1,3,9
5873,6,12,2,1,3,6,1
5874,6,12,6,1,3,5,19
5875,6,12,6,2,1,1,12
5876,6,12,7,3,6,2,4
5877,6,12,9,1,3,1,4
5879,6,12,10,2,1,4,1
5882,6,12,21,2,2,2,23
5883,6,12,23,2,2,1,11
5886,7,12,0,2,2,1,13
5889,7,12,3,1,1,6,1
5896,7,12,23,2,2,1,5
5899,1,12,7,3,17,10,1
5900,1,12,8,2,1,3,7
5909,2,12,11,1,17,12,1
5914,3,12,1,1,6,5,21
5918,3,12,7,1,2,6,1
5919,3,12,10,1,1,2,6
5920,3,12,12,4,17,1,10
5924,4,12,0,3,2,2,16
5925,4,12,3,4,17,3,9
5928,4,12,8,2,2,8,2
5929,4,12,12,2,1,12,22
5930,4,12,22,1,17,5,20
5931,5,12,0,1,11,1,2
5932,5,12,1,1,2,6,2
5934,5,12,2,1,4,8,1
5935,5,12,5,6,12,12,2
5936,5,12,6,1,3,3,7
5937,5,12,7,2,4,8,1
5939,5,12,8,1,3,1,5
5942,5,12,19,1,13,1,10
5947,6,12,1,1,1,1,11
5948,6,12,3,1,1,7,3
5953,6,12,11,1,5,6,1
5958,7,12,5,4,17,1,12
5959,7,12,7,1,5,1,8
5960,7,12,12,1,17,1,5
5961,7,12,16,1,9,3,9
5962,7,12,19,1,3,8,23
5964,1,12,0,1,1,2,4
5967,1,12,1,1,9,1,4
5968,1,12,3,1,3,1,10
5969,1,12,13,1,7,5,21
5971,1,12,17,3,5,1,10
5972,1,12,23,2,2,2,1
5976,2,12,5,2,4,1,12
5978,2,12,8,1,1,1,11
5979,2,12,12,1,7,1,6
5980,2,12,13,2,1,12,1
5983,2,12,21,2,2,2,1
5984,2,12,22,1,6,1,11
5985,3,12,4,1,9,12,2
5988,3,12,8,2,4,1,11
5989,3,12,9,1,3,1,4
5990,3,12,13,4,9,1,13
5991,3,12,16,1,13,1,2
5995,3,12,20,1,4,1,6
5997,4,12,3,6,17,4,22
5998,4,12,3,6,17,4,22
5999,4,12,4,2,2,1,9
6000,4,12,10,1,1,4,2
6006,6,12,1,1,17,3,6
6007,6,12,3,3,2,1,12
6011,6,12,21,1,5,1,12
6012,7,12,3,2,1,6,2
6015,7,12,5,1,4,7,3
6016,7,12,6,1,2,4,2
6017,7,12,11,3,5,2,1
6021,7,12,19,3,1,1,2
6025,1,12,6,3,3,2,10
6026,1,12,7,1,1,1,4
6027,1,12,7,3,3,1,12
6028,1,12,8,2,2,1,13
6029,1,12,9,2,3,1,4
6030,1,12,10,3,12,2,2
6032,1,12,22,1,13,3,8
6034,2,12,0,1,1,4,2
6035,2,12,4,1,13,1,11
6037,2,12,22,1,1,1,4
6039,3,12,2,6,13,1,11
6042,3,12,23,1,8,1,5
6043,4,12,2,3,8,1,10
6044,4,12,3,3,12,1,12
6045,4,12,3,6,3,1,12
6048,4,12,4,2,1,1,12
6050,4,12,7,1,3,2,4
6053,4,12,13,1,17,1,1
6054,4,12,13,1,1,1,11
6055,4,12,23,3,6,2,1