delito,diasem,mes,tipov,longitud,latitud
1,3,1,1,2,-71.3642786,-33.0660092
2,3,1,4,1,-71.4492833,-32.5063284
3,3,1,5,1,-71.2441518,-32.8852472
4,3,1,5,4,-71.5444143,-32.9584665
5,3,1,6,1,-71.6073115,-33.5640877
6,3,1,8,1,-71.5469288,-33.0221567
7,3,1,9,3,-71.5860601,-33.0336301
8,3,1,11,5,-71.3343062,-33.1520319
9,3,1,13,1,-71.5782502,-33.0302751
10,3,1,22,2,-71.5182533,-33.0364722
11,4,1,0,1,-71.6051269,-33.5483759
12,5,1,2,1,-71.5997841,-33.5396317
13,5,1,4,1,-71.5269808,-32.9873119
14,5,1,10,2,-71.5346155,-32.9792861
15,5,1,10,1,-71.5624516,-33.0200038
16,5,1,18,1,-71.5462916,-32.9328995
17,5,1,18,1,-71.2441518,-32.8852472
18,5,1,21,1,-71.5525518,-33.0149807
19,5,1,22,1,-71.605043,-33.5536616
20,5,1,22,6,-71.476582,-32.9970612
21,6,1,4,1,-71.4219126,-33.0567738
22,6,1,4,1,-70.599434,-32.8350955
23,6,1,4,1,-71.6150984,-33.0525158
24,6,1,6,1,-71.4335837,-33.05788
25,6,1,14,5,-71.4656356,-33.0498432
26,6,1,23,1,-71.3772441,-33.0525245
27,7,1,0,1,-71.4118663,-33.0362713
28,7,1,0,1,-71.3740035,-33.0504243
29,7,1,1,1,-71.6204901,-33.045658
30,7,1,2,1,-71.5521136,-33.009839
31,7,1,3,1,-71.5941717,-33.6176516
32,7,1,3,1,-71.2686263,-32.9826786
33,7,1,5,1,-71.6107219,-33.6083286
34,7,1,5,1,-71.5637636,-33.0446705
35,7,1,7,1,-71.4446407,-33.0452702
36,7,1,16,5,-71.6920798,-33.3969357
37,7,1,20,1,-71.6546116,-33.450701
38,7,1,21,1,-71.5224352,-32.9921268
39,1,1,1,1,-71.6049272,-33.0547969
40,1,1,1,1,-71.5671464,-33.0237032
41,1,1,2,6,-71.6085924,-33.6225052
42,1,1,2,6,-71.6085924,-33.6225052
43,1,1,4,1,-71.3944347,-33.0608258
44,1,1,7,1,-71.4019394,-33.0417203
45,1,1,10,1,-71.6945532,-33.3983127
46,1,1,12,1,-71.5473481,-33.0197719
47,1,1,19,1,-71.4940572,-32.9968213
48,1,1,19,1,-71.4501889,-33.0497193
49,1,1,21,6,-71.6174759,-33.0468573
50,1,1,22,1,-71.5694837,-33.0653505
51,1,1,22,2,-71.4634321,-33.0443537
52,1,1,22,3,-71.5359278,-32.9390033
53,2,1,0,1,-71.4921696,-33.0212219
54,2,1,6,4,-71.5106201,-33.023967
55,2,1,6,2,-71.3528039,-33.0372859
56,2,1,11,2,-71.5372895,-33.05132
57,2,1,12,2,-71.5982723,-33.035771
58,2,1,17,1,-71.5224352,-32.9921268
59,2,1,20,1,-71.5503109,-33.0168661
60,2,1,20,4,-71.5504141,-33.0173875
61,2,1,23,1,-71.4662289,-33.044387
62,2,1,23,2,-71.397188,-33.0502775
63,3,1,1,2,-71.5345085,-33.0589538
64,3,1,4,2,-71.2544899,-33.0076098
65,3,1,9,2,-71.545625,-33.0127989
66,3,1,9,1,-71.4468609,-33.0508825
67,3,1,15,4,-70.7256016,-32.7501686
68,4,1,0,4,-70.7244881,-32.750282
69,4,1,2,2,-71.1865176,-32.7900825
70,4,1,7,1,-71.625506,-33.4976934
71,4,1,17,2,-70.5970566,-32.8297137
72,4,1,22,1,-71.6051269,-33.5483759
73,5,1,1,1,-71.5579327,-33.5334301
74,5,1,2,1,-71.500664,-33.0057742
75,5,1,3,1,-71.3762155,-33.0423715
76,5,1,4,3,-71.2764582,-32.9385059
77,5,1,6,1,-71.5192781,-32.9995062
78,5,1,7,1,-71.6184603,-33.0471884
79,5,1,7,6,-70.9339946,-32.7773479
80,5,1,8,1,-71.5206426,-33.0068596
81,5,1,8,6,-71.2473555,-32.879997
82,5,1,12,6,-71.5559131,-33.1150656
83,5,1,15,1,-71.2441518,-32.8852472
84,5,1,19,2,-71.4329357,-32.6441845
85,5,1,19,2,-71.4816151,-32.7759054
86,5,1,21,1,-71.5240738,-33.035421
87,5,1,22,1,-71.4426904,-33.0450087
88,6,1,2,3,-70.6085767,-32.831655
89,6,1,4,1,-71.5867682,-33.0604408
90,6,1,5,1,-71.557224,-33.0588427
91,6,1,5,6,-71.2044992,-32.7850866
92,6,1,14,1,-71.5468142,-32.956689
93,6,1,16,1,-71.1999785,-32.736025
94,6,1,16,5,-71.5376972,-32.7908203
95,7,1,0,1,-71.5352132,-32.95918
96,7,1,0,1,-71.547998,-33.0422645
97,7,1,1,1,-71.3889747,-33.0576545
98,7,1,2,4,-109.436278,-27.1526732
99,7,1,3,1,-71.5437497,-33.0098837
100,7,1,10,6,-71.6004072,-33.0548489
101,7,1,12,6,-71.5559131,-33.1150656
102,7,1,7,1,-71.6117759,-33.5852754
103,1,1,3,1,-71.5907793,-33.0372249
104,1,1,8,3,-71.5577703,-33.0499454
105,1,1,9,3,-71.5728722,-33.0546277
106,1,1,9,3,-71.5417948,-32.9322166
107,1,1,9,1,-71.5564372,-33.0476439
108,1,1,15,1,-71.562654,-33.0561715
109,1,1,21,1,-71.5573906,-33.0307045
110,1,1,22,2,-71.3997287,-33.040241
111,1,1,23,1,-71.5814311,-33.0289991
112,1,1,23,2,-71.6044023,-33.5467786
113,1,1,23,1,-71.6498212,-33.0298776
114,2,1,9,2,-71.2241971,-32.9966743
115,2,1,10,6,-71.2473555,-32.879997
116,2,1,10,3,-71.5266504,-32.7902078
117,2,1,12,1,-71.5332739,-32.9744106
118,2,1,21,2,-70.6009955,-32.8286145
119,2,1,22,1,-71.4558469,-33.0446792
120,2,1,22,3,-71.5170096,-32.9955572
121,3,1,2,4,-70.6085767,-32.831655
122,3,1,7,4,-71.5385478,-33.0027822
123,3,1,10,1,-71.2263583,-32.8236324
124,3,1,12,2,-71.4800456,-33.0017752
125,3,1,17,1,-71.6174759,-33.0468573
126,3,1,19,1,-71.5613214,-33.0236769
127,3,1,20,1,-71.4227695,-33.0451527
128,3,1,20,1,-70.6519389,-32.7784274
129,3,1,22,5,-71.5408605,-33.019316
130,4,1,0,2,-71.5488481,-33.0160416
131,4,1,17,1,-71.37821,-33.0605311
132,4,1,20,1,-70.7225587,-32.756199
133,4,1,22,5,-71.5554675,-33.0189836
134,5,1,0,1,-70.8433298,-32.2168984
135,5,1,4,2,-71.545736,-32.9768722
136,5,1,4,1,-71.5087631,-33.039364
137,5,1,7,2,-71.6322346,-33.0455639
138,5,1,9,1,-71.5580174,-33.0171755
139,5,1,11,1,-71.2378269,-32.8699152
140,5,1,13,1,-71.5380759,-33.0447334
141,5,1,15,4,-71.5835596,-33.0309795
142,5,1,16,1,-71.2785561,-32.9382696
143,5,1,18,1,-71.6718599,-33.3653444
144,5,1,21,3,-71.545736,-32.9768722
145,5,1,22,3,-71.383707,-33.0450165
146,5,1,22,6,-71.3888201,-33.0245074
147,6,1,3,1,-71.5663939,-33.0483436
148,6,1,10,6,-71.285034,-32.4478785
149,6,1,10,6,-71.285034,-32.4478785
150,6,1,13,1,-71.2185153,-32.7927252
151,6,1,16,1,-71.5369819,-33.0653268
152,7,1,5,1,-71.5284816,-32.8271994
153,7,1,13,1,-71.5327603,-32.9802743
154,7,1,23,3,-71.6854038,-33.3978822
155,1,1,13,1,-71.5434875,-32.9701302
156,1,1,20,1,-71.6044023,-33.5467786
157,1,1,21,1,-71.5621514,-33.030496
158,2,1,3,1,-71.3471234,-33.0386602
159,2,1,5,1,-70.1825095,-32.7771364
160,2,1,7,5,-71.4939275,-32.9998037
161,2,1,10,2,-71.2421672,-32.8847296
162,2,1,10,1,-71.5960565,-33.0464165
163,2,1,16,1,-71.5383438,-32.936347
164,2,1,19,1,-71.5765875,-33.1222217
165,2,1,20,1,-71.5469288,-33.0221567
166,2,1,20,1,-71.5469288,-33.0221567
167,2,1,23,2,-71.5932669,-33.0600808
168,3,1,1,4,-71.6027968,-33.5448179
169,3,1,2,1,-71.260217,-32.8904111
170,3,1,3,1,-71.5341096,-33.0317099
171,3,1,5,2,-71.5033251,-33.0249848
172,3,1,5,1,-71.3628741,-33.0504716
173,3,1,5,6,-71.3628741,-33.0504716
174,3,1,10,1,-71.6313847,-33.0293299
175,3,1,10,1,-71.6313847,-33.0293299
176,3,1,10,1,-70.6009955,-32.8286145
177,4,1,4,3,-71.5570157,-33.0431999
178,4,1,5,1,-71.4215791,-33.0489147
179,4,1,7,1,-71.2473555,-32.879997
180,4,1,10,5,-71.4560836,-32.8091149
181,4,1,23,1,-71.5514361,-33.022563
182,4,1,23,2,-70.7280225,-32.7570854
183,5,1,0,2,-71.5421676,-33.5208116
184,5,1,1,1,-71.3936192,-33.0407158
185,5,1,9,1,-71.5533983,-33.0126984
186,5,1,16,1,-71.4445793,-33.0497415
187,5,1,17,1,-71.2494858,-32.880427
188,6,1,7,4,-70.7267693,-32.7574791
189,6,1,11,1,-71.5402939,-32.9415169
190,6,1,13,1,-71.405384,-33.0430648
191,6,1,14,2,-71.5179136,-32.9257626
192,6,1,14,2,-71.4098855,-33.042078
193,6,1,14,2,-71.4223619,-33.0729253
194,6,1,19,1,-71.4266568,-33.0493935
195,6,1,22,1,-71.5105005,-32.9201027
196,6,1,22,1,-71.3528039,-33.0372859
197,6,1,23,1,-71.4662289,-33.044387
198,7,1,0,1,-71.5346155,-32.9792861
199,7,1,0,1,-71.5325732,-33.0595047
200,7,1,3,1,-71.6004072,-33.0548489
201,7,1,7,1,-71.4159581,-33.0607723
202,7,1,21,1,-71.6097917,-33.6122028
203,1,1,2,1,-71.4988819,-33.0016925
204,1,1,4,1,-71.2637202,-33.0182527
205,1,1,8,4,-70.7267693,-32.7574791
206,1,1,10,1,-71.110614,-32.8402327
207,1,1,16,1,-71.54825,-32.9332684
208,1,1,21,1,-71.1912961,-32.9964423
209,1,1,23,2,-71.5006724,-32.9901309
210,2,1,3,2,-71.6231453,-33.0495435
211,2,1,4,1,-71.2112487,-32.8001351
212,2,1,4,2,-71.6327298,-33.0473761
213,2,1,6,1,-71.5324192,-33.02745
214,2,1,10,1,-71.6268702,-33.0393996
215,2,1,12,1,-70.9603164,-32.779352
216,2,1,19,1,-71.4129629,-33.0520731
217,2,1,19,1,-71.2145166,-32.7365693
218,2,1,20,3,-71.3689292,-33.0434542
219,3,1,1,1,-71.5287068,-33.0316851
220,3,1,2,6,-71.5331269,-32.7936275
221,3,1,8,1,-71.5196493,-32.9400053
222,3,1,9,2,-71.5817128,-33.0278117
223,3,1,12,1,-71.5139945,-33.0020568
224,3,1,13,1,-71.4315821,-33.0552689
225,3,1,14,1,-71.4242109,-32.9277339
226,3,1,19,6,-71.3565807,-33.0436948
227,3,1,22,3,-71.5466732,-33.0211173
228,3,1,22,3,-71.6199252,-33.0451705
229,4,1,5,1,-71.5987803,-33.0575619
230,4,1,6,1,-71.2159197,-32.736334
231,4,1,9,2,-71.3565807,-33.0436948
232,4,1,9,2,-71.545736,-32.9768722
233,4,1,10,3,-71.5862755,-33.5451787
234,4,1,10,3,-71.5862755,-33.5451787
235,4,1,12,1,-71.3689292,-33.0434542
236,4,1,15,2,-71.3987664,-33.0508369
237,4,1,18,1,-71.386116,-33.046414
238,4,1,18,1,-71.5429763,-33.012129
239,4,1,21,1,-71.5451875,-33.0107519
240,4,1,23,1,-71.5449476,-32.9384849
241,5,1,0,3,-71.5082515,-33.0352016
242,5,1,4,1,-71.6065609,-33.0502611
243,5,1,7,1,-71.3591215,-33.0424772
244,5,1,8,2,-71.4501889,-33.0497193
245,5,1,12,2,-71.5628915,-33.0262547
246,5,1,19,3,-71.6168108,-33.0484583
247,5,1,21,3,-71.551537,-33.0251315
248,5,1,22,1,-71.2120807,-32.8462938
249,5,1,22,3,-71.6615529,-33.4544048
250,5,1,23,1,-71.5444143,-32.9584665
251,6,2,1,1,-71.5983569,-33.6172405
252,6,2,1,4,-109.426397,-27.1599001
253,6,2,3,1,-71.4626948,-33.0547507
254,6,2,4,1,-71.5266504,-32.7902078
255,6,2,5,1,-71.580516,-33.0470032
256,6,2,21,1,-71.3740125,-33.0562222
257,6,2,22,1,-71.54314,-33.0249457
258,6,2,22,1,-71.6373524,-33.0596585
259,7,2,2,1,-71.4328194,-32.6442224
260,7,2,2,1,-71.3573948,-33.0580868
261,7,2,2,1,-71.5648407,-33.5397337
262,7,2,3,1,-71.4092799,-33.0403003
263,7,2,5,3,-71.5814669,-33.0383432
264,7,2,10,6,-71.1924921,-32.7726541
265,7,2,11,1,-71.2506683,-32.8737641
266,7,2,13,1,-71.2875956,-32.9358269
267,7,2,15,1,-71.346187,-33.0400927
268,7,2,18,1,-71.3768989,-33.0561744
269,7,2,20,1,-71.545736,-32.9768722
270,7,2,22,2,-71.4330809,-33.0382441
271,7,2,23,1,-71.5630464,-33.0283334
272,1,2,0,2,-71.533995,-33.0271728
273,1,2,7,1,-71.4129629,-33.0520731
274,1,2,11,4,-71.5263785,-32.9284576
275,1,2,16,6,-71.4952287,-33.1936321
276,1,2,20,1,-71.2480982,-32.8958591
277,1,2,21,4,-71.5173964,-33.002143
278,1,2,23,1,-71.5091411,-33.0254111
279,2,2,10,6,-71.4991656,-32.985275
280,2,2,11,6,-71.4991656,-32.985275
281,2,2,15,3,-71.4212462,-33.0696187
282,2,2,16,1,-71.6347563,-33.0276484
283,2,2,19,1,-71.6260754,-33.4877584
284,3,2,0,5,-71.3828276,-33.0456867
285,3,2,2,1,-71.5809233,-33.1155336
286,3,2,3,2,-71.3752411,-33.0372944
287,3,2,5,1,-71.6930831,-33.407025
288,3,2,9,5,-71.5123557,-32.9976625
289,3,2,15,1,-71.6144934,-33.0450508
290,3,2,19,1,-71.2753573,-32.9928071
291,3,2,20,1,-70.6085767,-32.831655
292,3,2,22,1,-71.5821353,-33.0456268
293,3,2,19,1,-71.3918112,-33.0377233
294,4,2,0,1,-71.5415233,-32.9705299
295,4,2,9,3,-71.3931338,-33.0581035
296,4,2,9,6,-71.5559131,-33.1150656
297,4,2,10,1,-71.4372828,-33.0566365
298,4,2,21,2,-71.4052479,-33.0630611
299,4,2,22,1,-71.6119923,-33.0498832
300,5,2,0,2,-71.5178748,-32.9224936
301,5,2,1,1,-71.5451875,-33.0107519
302,5,2,13,1,-71.6242882,-33.5783068
303,5,2,15,1,-71.5346998,-32.9732879
304,5,2,16,3,-71.5466732,-33.0211173
305,5,2,21,1,-71.3757922,-33.0455561
306,5,2,23,1,-71.463408,-33.0443593
307,6,2,0,1,-71.6044078,-33.0459178
308,6,2,8,1,-71.1488922,-32.7921662
309,6,2,8,1,-71.546654,-33.0115857
310,6,2,15,6,-70.6886476,-32.8274658
311,6,2,17,1,-71.5538743,-33.1146389
312,6,2,20,1,-71.620307,-33.0451102
313,7,2,0,1,-71.6388447,-33.0290018
314,7,2,4,1,-70.5872507,-32.8725851
315,7,2,6,1,-71.383707,-33.0450165
316,7,2,8,4,-70.5982518,-32.6667785
317,7,2,10,1,-71.5279568,-32.7764683
318,7,2,19,1,-71.3773393,-33.0411287
319,7,2,21,1,-71.067757,-32.4300384
320,7,2,22,2,-71.5083322,-32.7911401
321,1,2,4,6,-71.6120351,-33.6029701
322,1,2,4,6,-71.6120351,-33.6029701
323,1,2,11,1,-71.5716088,-33.0284972
324,1,2,12,4,-71.7015214,-33.3925416
325,1,2,18,3,-71.5514042,-33.0240542
326,1,2,19,1,-71.5240738,-33.035421
327,2,2,1,2,-71.6127855,-33.5971592
328,2,2,4,6,-71.6072824,-33.6224052
329,2,2,7,5,-71.6051269,-33.5483759
330,2,2,14,3,-71.2425386,-32.8780103
331,2,2,14,1,-71.2753573,-32.9928071
332,2,2,18,2,-71.440042,-32.796691
333,2,2,21,4,-71.4410588,-33.0484845
334,2,2,23,2,-71.5500014,-33.0153549
335,3,2,0,1,-71.5858055,-33.0761855
336,3,2,1,2,-71.0304094,-32.8166194
337,3,2,7,2,-70.7353939,-32.7453085
338,3,2,9,1,-71.4389411,-33.0372312
339,3,2,17,6,-71.5359852,-32.9592394
340,3,2,19,1,-71.5266978,-33.0344531
341,3,2,20,1,-71.463408,-33.0443593
342,4,2,10,1,-71.5987803,-33.0575619
343,4,2,18,1,-71.4673787,-33.0416271
344,4,2,18,1,-71.4315821,-33.0552689
345,4,2,20,1,-71.6043791,-33.0441987
346,4,2,21,1,-71.5514042,-33.0240542
347,5,2,0,1,-71.5454509,-33.0072493
348,5,2,3,2,-71.5988705,-33.5920333
349,5,2,7,6,-71.4014677,-33.0329609
350,5,2,7,1,-71.4014677,-33.0329609
351,5,2,8,1,-71.625506,-33.4976934
352,5,2,10,4,-71.2145229,-32.7948583
353,5,2,11,1,-71.5529712,-33.0170136
354,5,2,19,1,-71.5412862,-33.0171964
355,5,2,21,1,-71.4111818,-33.0351639
356,6,2,0,1,-71.5264244,-32.7848089
357,6,2,0,2,-71.5694837,-33.0653505
358,6,2,0,1,-71.5370397,-33.0568881
359,6,2,3,1,-71.5033233,-32.9999567
360,6,2,4,1,-71.260653,-32.8807164
361,6,2,17,2,-71.1800881,-32.7811699
362,6,2,18,1,-71.5240738,-33.035421
363,6,2,21,2,-71.60131,-33.5462465
364,6,2,22,1,-71.6173883,-33.6161489
365,7,2,1,1,-71.5628915,-33.0262547
366,7,2,3,1,-71.5648851,-33.0650324
367,7,2,5,5,-71.2507511,-32.879225
368,7,2,9,1,-71.3828276,-33.0456867
369,1,2,0,3,-71.547998,-33.0422645
370,1,2,10,1,-71.5787553,-33.1200159
371,1,2,19,1,-71.619459,-33.5811823
372,1,2,23,1,-71.5008309,-32.9981392
373,2,2,10,1,-71.5321631,-33.0546419
374,2,2,15,2,-71.4453943,-33.0476177
375,2,2,20,1,-71.3528039,-33.0372859
376,2,2,21,1,-71.4301669,-33.0514953
377,2,2,23,5,-71.4141884,-33.0330216
378,3,2,3,5,-71.4864251,-33.0330804
379,3,2,6,3,-71.5614568,-33.0300477
380,3,2,8,6,-71.4952287,-33.1936321
381,3,2,8,3,-71.5428247,-33.0410593
382,3,2,12,1,-70.6871827,-32.8393819
383,3,2,13,1,-71.546654,-33.0115857
384,3,2,15,1,-71.5170096,-32.9955572
385,3,2,16,1,-71.5628744,-33.0366039
386,3,2,19,1,-71.5500894,-33.0289352
387,3,2,19,1,-71.61291,-33.0450531
388,3,2,21,4,-71.2044992,-32.7850866
389,4,2,0,1,-71.4478211,-33.0513612
390,4,2,0,1,-70.6871827,-32.8393819
391,4,2,6,2,-71.5203446,-33.0375304
392,4,2,7,3,-71.5413515,-32.9581958
393,4,2,7,5,-71.4983718,-33.0235874
394,4,2,9,2,-71.5923934,-33.0346259
395,4,2,13,1,-70.7248641,-32.7513552
396,4,2,22,1,-71.5446389,-33.0250598
397,5,2,4,1,-71.6006694,-33.5810045
398,5,2,7,1,-71.5477773,-33.002663
399,5,2,12,1,-71.5240738,-33.035421
400,5,2,18,1,-71.6120351,-33.6029701
401,5,2,18,1,-71.6107242,-33.6128648
402,5,2,20,1,-71.5392361,-32.9773258
403,5,2,22,1,-71.6175349,-33.6117658
404,5,2,23,5,-71.5716088,-33.0284972
405,5,2,23,1,-70.6037447,-32.8394016
406,6,2,2,4,-71.4331951,-33.050288
407,6,2,6,2,-71.6073115,-33.5640877
408,6,2,14,1,-71.4988459,-32.9904756
409,6,2,18,1,-71.407372,-33.052066
410,6,2,19,1,-71.237328,-32.9103776
411,6,2,19,1,-71.6043791,-33.0441987
412,6,2,21,2,-71.5628915,-33.0262547
413,6,2,23,6,-71.5505355,-33.1262318
414,7,2,4,2,-71.534277,-32.7885414
415,7,2,12,6,-71.5468142,-32.956689
416,7,2,22,3,-71.5417948,-32.9322166
417,7,2,23,2,-71.5613356,-33.058589
418,7,2,8,5,-71.2185153,-32.7927252
419,1,2,4,1,-71.5348705,-33.0552578
420,1,2,10,2,-71.5436001,-33.0020034
421,1,2,11,6,-71.4952287,-33.1936321
422,1,2,11,6,-71.4952287,-33.1936321
423,1,2,12,3,-70.6519389,-32.7784274
424,1,2,22,5,-71.5913136,-33.041601
425,1,2,22,2,-71.5471794,-32.9851934
426,1,2,23,1,-71.5417948,-32.9322166
427,1,2,23,2,-71.5514361,-33.022563
428,2,2,2,3,-71.4439791,-33.0500721
429,2,2,3,1,-71.2656988,-33.0091592
430,2,2,23,1,-71.6188512,-33.0616582
431,3,2,2,1,-71.5179136,-32.9257626
432,3,2,3,1,-71.5513425,-33.015153
433,3,2,4,1,-71.3819026,-33.0444241
434,3,2,7,1,-71.4233481,-33.0428735
435,3,2,21,1,-71.4376512,-33.0495088
436,3,2,23,1,-71.5539701,-33.0208583
437,4,2,2,2,-71.556894,-33.023666
438,4,2,3,2,-71.5082515,-33.0352016
439,4,2,5,1,-71.4052479,-33.0630611
440,4,2,8,2,-71.5907793,-33.0372249
441,4,2,11,1,-71.5974355,-33.0544209
442,4,2,11,1,-71.5420328,-32.9758854
443,4,2,16,2,-71.2737698,-32.9846431
444,4,2,22,1,-71.5117414,-33.0257695
445,4,2,23,1,-71.580516,-33.0470032
446,5,2,1,2,-71.5480472,-33.0081896
447,5,2,9,2,-71.5162531,-33.0155299
448,5,2,12,1,-70.7330738,-32.7530041
449,5,2,13,1,-71.2390744,-32.8676354
450,5,2,14,6,-71.3888201,-33.0245074
451,5,2,15,1,-71.4448911,-33.0518545
452,5,2,19,1,-71.6144934,-33.0450508
453,5,2,20,1,-71.6258266,-33.4987418
454,5,2,21,1,-71.546944,-33.0265738
455,5,2,21,1,-71.546944,-33.0265738
456,6,3,5,3,-71.5429763,-33.012129
457,6,3,6,1,-71.5425254,-32.9726823
458,6,3,8,2,-71.3572309,-33.0430529
459,6,3,8,1,-71.5071197,-33.0022956
460,6,3,21,3,-71.5451875,-33.0107519
461,6,3,22,2,-71.5514361,-33.022563
462,7,3,1,2,-71.6097917,-33.6122028
463,7,3,3,1,-71.5402809,-32.7941158
464,7,3,4,1,-71.4440235,-32.5075486
465,7,3,5,1,-71.6033068,-33.0486892
466,7,3,5,4,-70.731665,-32.7589866
467,7,3,8,1,-71.6033068,-33.0486892
468,7,3,10,1,-71.5593252,-33.0455673
469,7,3,16,1,-71.531633,-33.0340976
470,7,3,20,1,-71.5630464,-33.0283334
471,7,3,22,1,-71.5449305,-33.0176272
472,7,3,22,1,-71.5069398,-33.0052055
473,1,3,11,1,-71.6195714,-33.6027974
474,1,3,23,1,-71.5469288,-33.0221567
475,1,3,23,2,-71.3773393,-33.0411287
476,2,3,0,2,-71.5771991,-33.0586101
477,2,3,0,1,-70.9729754,-32.837865
478,2,3,7,1,-71.2342369,-32.4544451
479,2,3,13,1,-71.4008193,-33.323887
480,2,3,14,3,-71.5558107,-33.1081129
481,2,3,19,1,-71.5449305,-33.0176272
482,2,3,19,1,-71.5514042,-33.0240542
483,3,3,2,1,-71.4869697,-33.0329961
484,3,3,10,2,-71.4214164,-33.0713935
485,3,3,13,2,-71.3629386,-32.9787747
486,3,3,14,6,-71.6033068,-33.0486892
487,4,3,1,1,-71.6133624,-33.0570505
488,4,3,15,2,-71.6027302,-33.5151347
489,4,3,19,1,-71.605043,-33.5536616
490,4,3,21,3,-71.4384306,-33.0503998
491,5,3,0,1,-71.4423521,-33.0607874
492,5,3,1,1,-71.3776119,-32.4810705
493,5,3,4,1,-71.625506,-33.4976934
494,6,3,1,3,-71.6101594,-33.5952041
495,6,3,2,1,-71.5101765,-32.9236891
496,6,3,3,1,-71.5923529,-33.033374
497,6,3,4,1,-71.3689292,-33.0434542
498,6,3,11,1,-71.6856802,-33.3976876
499,6,3,22,1,-71.3728889,-33.0529416
500,6,3,23,1,-71.4441649,-33.0467004
501,7,3,0,1,-71.619459,-33.5811823
502,7,3,1,1,-71.3957048,-32.9264189
503,7,3,6,1,-70.5378571,-32.8377266
504,7,3,11,1,-71.5801707,-33.1148932
505,7,3,21,1,-71.5171681,-33.0212688
506,1,3,6,1,-71.5308376,-33.0368108
507,1,3,6,1,-71.595817,-33.5497054
508,1,3,17,1,-71.2737698,-32.9846431
509,1,3,20,1,-70.7267693,-32.7574791
510,1,3,21,1,-71.383707,-33.0450165
511,2,3,5,1,-71.5193262,-33.0025019
512,2,3,6,1,-71.6107242,-33.6128648
513,2,3,12,2,-71.3901856,-33.0432362
514,2,3,16,3,-71.5469288,-33.0221567
515,2,3,18,1,-70.6009955,-32.8286145
516,2,3,20,3,-71.066658,-32.4274773
517,2,3,21,3,-71.5799993,-33.0629464
518,2,3,21,1,-71.531185,-32.7789869
519,3,3,2,1,-71.504984,-32.9943942
520,3,3,9,1,-71.3690535,-33.0389482
521,3,3,12,6,-71.4052479,-33.0630611
522,3,3,14,1,-71.5428247,-33.0410593
523,3,3,17,3,-71.7231708,-33.9078087
524,4,3,2,1,-71.5953203,-33.0530741
525,4,3,4,1,-71.5174584,-33.0191728
526,4,3,7,1,-71.5844619,-33.0335862
527,4,3,7,3,-70.9303569,-32.2501603
528,4,3,7,2,-71.5818673,-33.0376601
529,4,3,12,4,-71.4294943,-32.5083994
530,4,3,15,1,-71.5341096,-33.0317099
531,4,3,15,1,-71.5649964,-33.0269453
532,4,3,18,1,-71.6270876,-33.0419146
533,4,3,18,1,-71.5416552,-33.0106378
534,4,3,23,1,-71.5533983,-33.0126984
535,5,3,4,4,-71.5420328,-32.9758854
536,5,3,22,1,-71.5412646,-33.0204174
537,6,3,7,2,-71.4115759,-32.7243475
538,6,3,13,1,-71.5412646,-33.0204174
539,6,3,20,1,-71.5170096,-32.9955572
540,6,3,22,1,-71.4067541,-33.036089
541,7,3,0,1,-71.3836602,-33.0609797
542,7,3,1,1,-71.4966819,-33.010614
543,7,3,3,2,-71.5412862,-33.0171964
544,7,3,4,2,-71.6104244,-33.596178
545,7,3,5,1,-71.5179136,-32.9257626
546,7,3,9,1,-71.5500014,-33.0153549
547,7,3,10,1,-109.349576,-27.1259593
548,7,3,20,1,-71.5439627,-33.027092
549,7,3,20,3,-71.5451875,-33.0107519
550,7,3,21,1,-71.4421149,-33.0492796
551,7,3,23,1,-71.5413,-33.0283188
552,1,3,0,2,-70.961836,-32.8409602
553,1,3,1,1,-71.5694837,-33.0653505
554,1,3,2,4,-70.7330738,-32.7530041
555,1,3,2,1,-71.4112024,-33.314977
556,1,3,16,1,-71.0304094,-32.8166194
557,1,3,18,1,-71.2761586,-32.9794062
558,1,3,22,1,-70.9729754,-32.837865
559,1,3,12,1,-71.6004072,-33.0548489
560,2,3,4,6,-71.5518545,-33.0263663
561,2,3,17,1,-71.4558469,-33.0446792
562,2,3,20,1,-71.5462916,-32.9328995
563,2,3,22,1,-71.5478921,-33.026438
564,2,3,23,3,-71.4528021,-33.0443878
565,3,3,0,1,-71.4035207,-33.0428596
566,3,3,15,1,-71.497532,-32.9211009
567,3,3,20,1,-71.5008309,-32.9981392
568,3,3,21,1,-71.4075521,-33.0415056
569,4,3,3,4,-71.5035154,-33.0234682
570,4,3,10,2,-71.465996,-33.0552592
571,4,3,11,1,-71.3608144,-33.0623665
572,4,3,12,1,-71.6033068,-33.0486892
573,4,3,13,1,-70.6037447,-32.8394016
574,4,3,14,1,-71.1984998,-32.787795
575,4,3,18,5,-71.4812528,-33.0305494
576,4,3,21,1,-71.4812528,-33.0305494
577,5,3,7,3,-71.5224352,-32.9921268
578,5,3,20,1,-71.4498217,-33.0467826
579,5,3,21,1,-71.5643353,-33.0457642
580,6,3,1,1,-71.3735501,-33.0424859
581,6,3,3,4,-109.32303,-27.0737385
582,6,3,5,1,-71.37821,-33.0605311
583,6,3,9,1,-71.6829348,-33.4326083
584,6,3,10,1,-71.5518545,-33.0263663
585,6,3,12,1,-71.5671464,-33.0237032
586,6,3,13,1,-71.6065609,-33.0502611
587,6,3,14,3,-71.247346,-32.8949086
588,6,3,16,1,-71.5514361,-33.022563
589,6,3,20,1,-71.4346616,-33.0457364
590,6,3,22,1,-71.5446389,-33.0250598
591,6,3,23,1,-71.2587096,-32.8768018
592,7,3,2,1,-71.4075521,-33.0415056
593,7,3,3,1,-71.5514361,-33.022563
594,7,3,4,2,-71.3623003,-33.0390776
595,7,3,4,6,-71.6947227,-33.3952951
596,7,3,5,3,-71.2458465,-32.8883282
597,7,3,6,4,-70.5948816,-32.8341016
598,7,3,8,1,-71.6044023,-33.5467786
599,7,3,12,6,-71.4508924,-33.6121783
600,7,3,23,1,-71.4049121,-33.0332534
601,1,3,1,2,-71.405384,-33.0430648
602,1,3,7,1,-71.5385478,-33.0027822
603,1,3,12,1,-71.256515,-32.8888143
604,1,3,16,1,-71.6304773,-33.0321368
605,1,3,17,1,-71.551537,-33.0251315
606,1,3,20,3,-70.6769528,-32.8253619
607,1,3,23,1,-71.5209532,-32.9350583
608,2,3,0,2,-71.6107242,-33.6128648
609,2,3,7,1,-71.5687908,-33.0306259
610,2,3,9,1,-71.496869,-33.0343484
611,2,3,10,1,-71.2624321,-32.8812004
612,2,3,18,1,-71.4256975,-33.0446133
613,2,3,21,6,-70.6040027,-32.8477502
614,2,3,22,1,-70.8433298,-32.2168984
615,3,3,0,1,-71.5529712,-33.0170136
616,3,3,7,3,-71.3940451,-33.0586384
617,3,3,10,1,-71.5451875,-33.0107519
618,3,3,18,1,-71.5008309,-32.9981392
619,3,3,20,1,-71.5266504,-32.7902078
620,4,3,3,3,-71.4802803,-33.0268808
621,4,3,6,4,-71.5662281,-33.1404371
622,4,3,10,6,-71.4199692,-33.0455935
623,4,3,11,5,-70.5954808,-32.8439053
624,4,3,23,1,-71.4356602,-33.0539175
625,4,3,23,3,-71.585355,-33.0453634
626,5,3,1,1,-71.6403206,-33.0592086
627,5,3,5,4,-71.5174584,-33.0191728
628,5,3,7,1,-70.731435,-32.7583009
629,5,3,10,3,-71.545625,-33.0127989
630,5,3,11,6,-71.6132377,-33.5808615
631,5,3,20,3,-71.6700896,-33.3609088
632,5,3,20,1,-71.6222441,-33.0444264
633,5,3,23,6,-71.4662896,-33.0429958
634,5,3,23,6,-71.5821353,-33.0456268
635,6,3,3,1,-71.6047449,-33.0451171
636,6,3,3,1,-71.5518545,-33.0263663
637,6,3,4,3,-71.6741031,-33.4515744
638,6,3,22,2,-71.4067541,-33.036089
639,7,3,0,1,-71.5415233,-32.9705299
640,7,3,2,1,-71.4168956,-33.0582246
641,7,3,4,1,-71.4446407,-33.0452702
642,7,3,5,4,-70.7190146,-32.6375919
643,7,3,10,1,-71.4271313,-33.0677559
644,7,3,11,1,-71.560206,-33.1171703
645,7,3,20,1,-71.6047449,-33.0451171
646,7,3,22,2,-71.4446407,-33.0452702
647,1,3,4,6,-70.9546538,-32.8428205
648,1,3,15,1,-71.5415278,-32.9332784
649,1,3,17,3,-71.5035154,-33.0234682
650,1,3,20,2,-71.6132377,-33.5808615
651,1,3,22,1,-71.4091654,-33.061117
652,2,4,8,4,-71.4848883,-32.7374498
653,2,4,10,3,-71.4791926,-33.027814
654,2,4,12,3,-71.4831381,-33.598246
655,2,4,19,3,-71.5437497,-33.0098837
656,2,4,20,1,-71.4421149,-33.0492796
657,3,4,2,3,-70.9992018,-32.8404539
658,3,4,3,1,-71.5518545,-33.0263663
659,3,4,9,1,-71.5669046,-33.0319758
660,3,4,11,1,-71.5622949,-33.0423823
661,3,4,13,1,-71.4377238,-33.049072
662,4,4,1,1,-71.4156394,-33.0590806
663,4,4,8,2,-71.0304094,-32.8166194
664,4,4,9,1,-71.2597653,-32.8920381
665,4,4,16,1,-71.3957488,-33.0391523
666,4,4,19,1,-71.6047449,-33.0451171
667,5,4,5,1,-71.6073115,-33.5640877
668,5,4,6,6,-71.5701391,-33.0334207
669,5,4,9,1,-71.5631849,-33.0337029
670,5,4,9,2,-71.5520726,-33.1135847
671,5,4,10,2,-71.5835596,-33.0309795
672,5,4,19,4,-70.7252689,-32.7572316
673,5,4,20,1,-71.5451875,-33.0107519
674,5,4,20,1,-71.4267394,-33.0621366
675,5,4,21,1,-71.5444143,-32.9584665
676,5,4,22,1,-71.3371141,-33.0528802
677,5,4,23,1,-71.6132377,-33.5808615
678,6,4,0,1,-71.547998,-33.0422645
679,6,4,2,4,-71.395451,-33.0370272
680,6,4,2,2,-71.2539839,-33.0047266
681,6,4,3,6,-71.4977896,-33.0184961
682,6,4,8,6,-71.3936577,-33.0492646
683,6,4,10,1,-71.5935069,-33.618386
684,6,4,12,1,-71.6237431,-33.6469049
685,7,4,3,3,-71.2567023,-33.0226904
686,7,4,4,1,-71.4484552,-33.0557026
687,7,4,7,1,-71.6312111,-33.0347946
688,7,4,8,6,-71.4952287,-33.1936321
689,7,4,10,1,-71.6027968,-33.5448179
690,7,4,11,4,-71.5114357,-33.0227149
691,7,4,19,1,-71.3976648,-33.057103
692,7,4,21,6,-71.4952287,-33.1936321
693,1,4,8,1,-70.9743549,-32.8361472
694,1,4,12,1,-70.8370623,-32.7702191
695,1,4,13,5,-71.5077349,-32.9206228
696,1,4,14,1,-71.4911706,-33.0211444
697,1,4,17,1,-71.407372,-33.052066
698,1,4,22,1,-71.6168641,-33.0436536
699,2,4,5,6,-71.4812849,-33.2082797
700,2,4,9,1,-71.595062,-33.0595781
701,2,4,13,1,-71.4828119,-33.0362561
702,3,4,17,2,-71.5077349,-32.9206228
703,3,4,21,1,-71.4390419,-33.0533474
704,4,4,0,1,-71.5006724,-32.9901309
705,4,4,1,4,-71.5469859,-33.0083414
706,4,4,3,1,-70.7190146,-32.6375919
707,4,4,7,4,-70.7183249,-32.6244948
708,4,4,9,2,-71.5286203,-32.7832013
709,4,4,12,3,-71.5466732,-33.0211173
710,4,4,13,2,-71.6313847,-33.0293299
711,4,4,18,1,-71.3642786,-33.0660092
712,4,4,20,6,-71.629089,-33.6405993
713,4,4,22,6,-71.629089,-33.6405993
714,5,4,3,1,-71.6015256,-33.055669
715,5,4,4,1,-71.5504141,-33.0173875
716,5,4,12,1,-71.5077349,-32.9206228
717,5,4,14,1,-71.6112873,-33.0502618
718,5,4,16,1,-71.6700896,-33.3609088
719,5,4,19,2,-71.0987091,-32.8279165
720,5,4,20,3,-71.5282788,-33.0326217
721,5,4,22,4,-70.731435,-32.7583009
722,5,4,22,1,-71.2574506,-32.8819247
723,5,4,22,1,-71.498956,-32.9899727
724,6,4,0,1,-71.4898299,-33.0052211
725,6,4,7,3,-71.5622949,-33.0423823
726,6,4,18,1,-70.6910789,-32.816678
727,6,4,20,2,-71.5068503,-33.0126969
728,1,4,9,1,-71.5527718,-33.0159782
729,1,4,18,2,-71.2711084,-32.8754726
730,1,4,23,6,-71.5286203,-32.7832013
731,2,4,0,6,-71.1461411,-32.7963317
732,2,4,2,1,-70.5986705,-32.8341419
733,2,4,2,3,-71.2409861,-32.8840768
734,2,4,6,6,-71.6033068,-33.0486892
735,2,4,6,6,-71.4778148,-32.7167344
736,2,4,6,6,-71.4778148,-32.7167344
737,2,4,7,2,-71.4279226,-33.0475606
738,2,4,8,2,-71.5185759,-33.0295952
739,2,4,19,5,-71.5527718,-33.0159782
740,2,4,21,1,-71.5784124,-33.04716
741,2,4,21,3,-71.5518545,-33.0263663
742,2,4,22,1,-71.5448895,-33.0414602
743,2,4,23,1,-71.5601413,-33.0287888
744,3,4,4,5,-71.5486968,-33.0212062
745,3,4,6,6,-71.5072558,-33.0372239
746,3,4,8,1,-71.4778148,-32.7167344
747,3,4,10,6,-71.6237431,-33.6469049
748,3,4,17,1,-71.5514361,-33.022563
749,3,4,20,1,-71.5451875,-33.0107519
750,3,4,21,6,-71.4091654,-33.061117
751,4,4,0,1,-71.5599405,-33.0173588
752,4,4,7,3,-71.3983188,-33.0621641
753,4,4,14,3,-71.5236528,-33.0367894
754,4,4,16,1,-71.6043791,-33.0441987
755,4,4,21,1,-70.6009955,-32.8286145
756,5,4,0,1,-71.5759237,-33.0488892
757,5,4,1,1,-71.5672799,-33.0237868
758,5,4,3,1,-71.562273,-33.0327994
759,5,4,4,1,-71.4503406,-33.0478762
760,5,4,4,6,-71.6024251,-33.5159717
761,5,4,7,4,-71.547998,-33.0422645
762,5,4,18,1,-71.6892002,-33.3934295
763,5,4,22,3,-71.6205394,-33.0492108
764,6,4,0,5,-71.4831381,-33.598246
765,6,4,5,1,-71.1918371,-32.7896905
766,6,4,10,1,-71.4266587,-33.048739
767,6,4,16,1,-70.6009955,-32.8286145
768,6,4,18,1,-70.5772005,-32.8335782
769,6,4,22,1,-71.5980178,-33.0356252
770,6,4,22,1,-71.5564372,-33.0476439
771,7,4,0,1,-71.5560675,-33.0331879
772,7,4,2,6,-71.5645494,-33.0303901
773,7,4,4,1,-71.6374245,-33.0437365
774,7,4,4,1,-71.5412646,-33.0204174
775,7,4,7,1,-70.5997758,-32.8326155
776,7,4,9,1,-71.5297936,-32.9348828
777,7,4,11,1,-71.5279205,-33.0364165
778,7,4,14,1,-71.5468598,-33.0126179
779,7,4,14,1,-71.6047449,-33.0451171
780,7,4,18,2,-71.6534483,-33.0593531
781,1,4,1,1,-70.6610597,-32.7437807
782,1,4,10,1,-71.5556803,-33.1082735
783,1,4,12,3,-71.6106043,-33.5809859
784,1,4,14,1,-71.4315821,-33.0552689
785,1,4,14,1,-71.4245319,-32.6296117
786,1,4,15,2,-70.6045249,-32.841059
787,1,4,18,6,-71.2764582,-32.9385059
788,1,4,20,1,-71.4799589,-33.0001492
789,1,4,20,2,-71.591383,-33.5427519
790,1,4,21,1,-71.5954202,-33.5486166
791,1,4,22,1,-71.5424539,-33.0135808
792,2,4,0,1,-71.4778148,-32.7167344
793,2,4,2,6,-71.6163867,-33.608829
794,2,4,2,6,-71.6163867,-33.608829
795,2,4,4,2,-71.4666379,-33.048217
796,2,4,7,2,-70.6045249,-32.841059
797,2,4,18,6,-71.5249741,-32.9644204
798,2,4,21,3,-70.6121773,-32.8251515
799,2,4,21,3,-71.556894,-33.023666
800,2,4,22,1,-71.5412862,-33.0171964
801,2,4,23,1,-70.6751991,-32.826465
802,3,4,9,2,-71.6310441,-33.0300802
803,3,4,11,3,-71.5513425,-33.015153
804,3,4,16,6,-71.5084917,-33.0403854
805,3,4,16,2,-71.5987403,-33.0497034
806,3,4,19,4,-70.5913344,-32.8194641
807,4,4,4,2,-71.6856802,-33.3976876
808,4,4,6,6,-71.4053896,-33.0588578
809,4,4,7,1,-71.6237431,-33.6469049
810,4,4,10,1,-71.4959569,-33.0342944
811,4,4,10,1,-71.6153501,-33.0544103
812,4,4,11,1,-71.5740181,-33.0637016
813,4,4,19,2,-71.546944,-33.0265738
814,4,4,21,1,-71.5462089,-33.005736
815,5,4,1,1,-71.6053915,-33.0439559
816,5,4,4,6,-71.4811052,-32.9992121
817,5,4,6,1,-70.6095572,-32.829607
818,5,4,17,1,-71.5341096,-33.0317099
819,5,4,20,1,-71.531633,-33.0340976
820,5,4,21,1,-71.5451875,-33.0107519
821,6,4,1,3,-71.5408919,-33.0104669
822,6,4,1,2,-71.5105005,-32.9201027
823,6,4,3,1,-71.3689292,-33.0434542
824,6,4,3,1,-71.3745163,-33.063237
825,6,4,3,1,-71.4019731,-33.0324764
826,6,4,5,2,-71.5976849,-33.0545774
827,6,4,12,2,-71.4440235,-32.5075486
828,6,4,15,1,-71.4446407,-33.0452702
829,6,4,17,1,-71.2732091,-32.9963927
830,6,4,22,1,-71.5451875,-33.0107519
831,6,4,22,2,-71.5374689,-33.00828
832,6,4,22,1,-71.4393073,-33.044268
833,7,4,3,1,-71.5784124,-33.04716
834,7,4,7,2,-71.4511366,-32.5776422
835,7,4,18,2,-71.4666379,-33.048217
836,7,4,23,2,-71.2249822,-32.8261402
837,1,4,0,1,-71.5959272,-33.0540214
838,1,4,3,1,-71.5026123,-32.991887
839,1,4,7,1,-71.5864122,-33.062909
840,1,4,9,1,-71.4951167,-33.004953
841,1,4,10,6,-71.5372895,-33.05132
842,1,4,18,2,-71.5892459,-33.0430331
843,1,4,21,1,-71.3657407,-33.0438484
844,1,4,22,1,-71.4517002,-33.0522652
845,2,4,0,2,-70.7248641,-32.7513552
846,2,4,0,1,-71.5486998,-33.040747
847,2,4,4,4,-71.4071334,-33.3182391
848,2,4,6,1,-71.5995497,-33.5475773
849,2,4,9,4,-71.4811052,-32.9992121
850,2,4,21,1,-71.2624321,-32.8812004
851,2,4,21,1,-71.5668396,-33.0312416
852,3,4,1,2,-71.5513425,-33.015153
853,3,4,10,1,-71.5059474,-33.0241041
854,3,4,18,2,-71.6135721,-33.5798137
855,3,4,18,1,-71.4446407,-33.0452702
856,3,4,20,1,-71.5449701,-33.0015313
857,3,4,20,6,-71.5310488,-32.9810115
858,3,4,21,2,-71.5500014,-33.0153549
859,4,5,2,5,-71.5624516,-33.0200038
860,4,5,3,1,-71.6044078,-33.0459178
861,4,5,6,1,-71.5722836,-33.0266526
862,4,5,8,1,-71.4044289,-33.3149367
863,4,5,9,1,-71.4024513,-33.3213854
864,4,5,11,4,-71.5195257,-33.0190658
865,4,5,16,1,-71.5080905,-33.0402247
866,4,5,16,1,-71.5860866,-33.0565365
867,4,5,18,6,-71.553234,-33.1173389
868,4,5,19,1,-71.2642783,-33.0118741
869,4,5,19,1,-71.2113962,-32.792764
870,4,5,19,3,-71.4522496,-33.0494328
871,5,5,4,1,-71.6718092,-33.4469365
872,5,5,4,3,-71.223731,-33.0030329
873,5,5,6,4,-71.5180509,-33.0236796
874,5,5,17,1,-71.5047121,-33.0353513
875,5,5,20,1,-71.5468673,-33.0251029
876,5,5,23,1,-71.6446586,-33.0300924
877,6,5,1,1,-71.5009266,-32.9964437
878,6,5,2,1,-71.5518545,-33.0263663
879,6,5,3,1,-71.4616657,-32.9346405
880,6,5,8,1,-71.6040664,-33.6107019
881,6,5,9,3,-71.632533,-33.0511038
882,6,5,11,1,-71.5486968,-33.0212062
883,6,5,16,1,-71.6386412,-33.0377189
884,6,5,22,1,-70.7065523,-32.7649104
885,7,5,6,1,-71.6222115,-33.0516037
886,7,5,20,1,-71.6130545,-33.6147395
887,1,5,0,1,-71.4234409,-33.0541996
888,1,5,15,1,-71.5469288,-33.0221567
889,1,5,19,1,-71.5488481,-33.0160416
890,1,5,19,2,-71.3643578,-33.0221536
891,1,5,20,6,-71.5077349,-32.9206228
892,2,5,2,1,-70.9690624,-32.7756727
893,2,5,3,3,-71.6457594,-33.3299931
894,2,5,6,1,-71.5397346,-33.0356497
895,2,5,9,3,-71.5586598,-33.0277313
896,2,5,12,1,-71.2390744,-32.8676354
897,2,5,17,1,-71.3591215,-33.0424772
898,2,5,20,3,-71.5412646,-33.0204174
899,2,5,21,1,-71.5313153,-33.0296711
900,3,5,0,1,-71.5210059,-33.021207
901,3,5,5,6,-71.496384,-33.0302885
902,3,5,7,1,-71.2401955,-32.8641196
903,3,5,13,1,-71.1886556,-32.771689
904,3,5,17,1,-71.5486968,-33.0212062
905,3,5,17,1,-71.4215791,-33.0489147
906,3,5,19,1,-71.546654,-33.0115857
907,4,5,15,1,-70.5378571,-32.8377266
908,4,5,20,3,-71.5601413,-33.0287888
909,4,5,21,1,-71.5486968,-33.0212062
910,5,5,1,1,-71.6222441,-33.0444264
911,5,5,2,1,-71.3990832,-33.0390419
912,5,5,13,1,-71.5488481,-33.0160416
913,5,5,15,2,-71.2824743,-32.9857433
914,5,5,22,1,-71.5412862,-33.0171964
915,6,5,0,1,-71.5518545,-33.0263663
916,6,5,5,2,-71.4469555,-33.0489847
917,6,5,9,2,-71.2644805,-32.8796074
918,6,5,18,1,-71.6270876,-33.0419146
919,6,5,20,1,-71.5451875,-33.0107519
920,6,5,23,1,-71.4408573,-33.050334
921,7,5,1,1,-71.3963436,-33.0439752
922,7,5,4,1,-71.6536025,-33.0457916
923,7,5,4,1,-71.4446242,-33.0465983
924,7,5,5,2,-71.4778148,-32.7167344
925,7,5,6,1,-71.0507295,-32.170055
926,7,5,10,1,-71.4541449,-33.0447918
927,7,5,16,1,-71.0304094,-32.8166194
928,7,5,20,1,-71.4105377,-33.0437269
929,7,5,21,1,-71.0649659,-32.3288541
930,1,5,5,3,-71.4466456,-33.0464331
931,1,5,10,1,-71.5105005,-32.9201027
932,1,5,12,4,-71.4870617,-33.0019939
933,1,5,13,3,-71.5077349,-32.9206228
934,1,5,16,1,-71.486814,-32.931288
935,1,5,17,1,-71.5425627,-33.0307411
936,1,5,19,1,-70.9543527,-32.8392392
937,1,5,20,2,-71.5106201,-33.023967
938,1,5,20,1,-71.4518712,-32.5066176
939,2,5,1,4,-71.5385478,-33.0027822
940,2,5,3,1,-71.3939686,-33.0421478
941,2,5,3,4,-71.5476232,-33.0225113
942,2,5,7,3,-71.3957488,-33.0391523
943,2,5,8,2,-71.2781918,-32.5719426
944,2,5,11,5,-71.5518545,-33.0263663
945,2,5,15,3,-71.386116,-33.046414
946,2,5,16,5,-71.2785561,-32.9382696
947,2,5,19,4,-70.6191683,-32.8183942
948,2,5,21,1,-71.547998,-33.0422645
949,2,5,21,4,-71.5729123,-33.0317109
950,3,5,0,4,-71.5096396,-33.0378642
951,3,5,2,1,-71.5286203,-32.7832013
952,3,5,10,4,-71.5174584,-33.0191728
953,3,5,14,1,-70.6871827,-32.8393819
954,3,5,14,2,-70.9694202,-32.2311021
955,3,5,17,1,-71.5412646,-33.0204174
956,4,5,3,1,-71.4131685,-33.3058557
957,4,5,5,5,-71.5648315,-33.1215327
958,4,5,14,1,-70.5378571,-32.8377266
959,4,5,14,5,-71.6055296,-33.5524098
960,4,5,18,1,-71.5426296,-33.0306466
961,4,5,19,1,-71.6335844,-33.0455165
962,4,5,20,4,-70.6121773,-32.8251515
963,5,5,5,1,-71.5656668,-33.1177505
964,5,5,7,1,-71.4973107,-33.0338878
965,5,5,10,4,-71.5782502,-33.0302751
966,5,5,12,1,-71.5630464,-33.0283334
967,5,5,15,1,-71.545625,-33.0127989
968,5,5,15,2,-71.2666965,-32.8984464
969,5,5,15,1,-71.2390744,-32.8676354
970,5,5,16,1,-71.5672932,-33.0287925
971,5,5,17,1,-71.3946775,-33.0438945
972,5,5,18,1,-71.5488481,-33.0160416
973,5,5,19,1,-71.6184869,-33.0493763
974,5,5,21,1,-71.6642424,-33.3728545
975,5,5,22,1,-71.6632331,-33.1319955
976,5,5,23,1,-71.2494858,-32.880427
977,6,5,0,1,-71.5795273,-33.0295803
978,6,5,3,3,-71.479071,-33.0001774
979,6,5,5,1,-71.3827296,-33.0523446
980,6,5,7,6,-71.5211845,-33.0412344
981,6,5,7,1,-71.6261939,-33.0460129
982,6,5,13,1,-71.19828,-32.7875816
983,6,5,19,6,-71.5579327,-33.5334301
984,7,5,4,1,-71.5675244,-33.0236723
985,7,5,8,2,-71.4837956,-33.0321541
986,7,5,10,1,-71.5814669,-33.0383432
987,7,5,10,3,-71.5590185,-33.0600493
988,7,5,22,1,-71.1447467,-32.7927743
989,1,5,3,1,-71.5518545,-33.0263663
990,1,5,4,4,-71.5254059,-33.0255135
991,1,5,6,1,-71.6261939,-33.0460129
992,1,5,8,5,-70.5687153,-32.7812418
993,1,5,11,5,-71.5518545,-33.0263663
994,1,5,11,1,-71.6043791,-33.0441987
995,1,5,11,1,-71.5279205,-33.0364165
996,1,5,14,1,-71.531633,-33.0340976
997,1,5,19,1,-70.9570466,-32.8430442
998,1,5,20,3,-71.2484331,-32.8850465
999,2,5,5,1,-71.5577576,-33.0424634
1000,2,5,8,1,-71.5341096,-33.0317099
1001,2,5,9,2,-71.6224545,-33.5779864
1002,2,5,10,1,-71.5644552,-33.029118
1003,2,5,19,2,-71.5468598,-33.0126179
1004,3,5,0,1,-71.3987745,-33.0405371
1005,3,5,9,2,-70.7363197,-32.743215
1006,3,5,14,1,-71.5412646,-33.0204174
1007,3,5,14,1,-71.6121677,-33.0605328
1008,3,5,18,4,-71.4778148,-32.7167344
1009,3,5,19,3,-71.5451875,-33.0107519
1010,3,5,21,1,-71.5449701,-33.0015313
1011,3,5,21,1,-71.4518712,-32.5066176
1012,3,5,23,1,-71.3848494,-33.0546728
1013,3,5,23,2,-71.4872717,-33.0062534
1014,4,5,4,2,-71.4938628,-33.0283057
1015,4,5,11,6,-71.2482056,-32.8816399
1016,4,5,12,2,-71.5454509,-33.0072493
1017,4,5,20,5,-71.5412646,-33.0204174
1018,4,5,21,1,-71.4632009,-33.0500894
1019,4,5,22,2,-71.6084186,-33.6085721
1020,5,5,3,3,-71.4997478,-33.0341771
1021,5,5,4,4,-70.7089418,-32.7655309
1022,5,5,4,4,-70.7089418,-32.7655309
1023,5,5,4,4,-70.7089418,-32.7655309
1024,5,5,4,4,-70.7089418,-32.7655309
1025,5,5,4,4,-70.7089418,-32.7655309
1026,5,5,4,4,-70.7089418,-32.7655309
1027,5,5,4,4,-70.7089418,-32.7655309
1028,5,5,4,4,-70.7089418,-32.7655309
1029,5,5,4,4,-70.7089418,-32.7655309
1030,5,5,4,4,-70.7089418,-32.7655309
1031,5,5,4,4,-70.7089418,-32.7655309
1032,5,5,4,4,-70.7089418,-32.7655309
1033,5,5,11,2,-71.5478921,-33.026438
1034,5,5,13,2,-71.4966819,-33.010614
1035,5,5,15,2,-71.4067312,-32.7306887
1036,5,5,17,1,-71.5850359,-33.0614958
1037,5,5,18,4,-70.7199925,-32.7595
1038,5,5,18,1,-71.5488481,-33.0160416
1039,6,5,18,1,-71.6241458,-33.0470264
1040,6,5,19,1,-71.4436718,-33.0573094
1041,7,5,1,1,-71.267789,-33.0146596
1042,7,5,2,1,-71.5466732,-33.0211173
1043,7,5,11,1,-71.547998,-33.0422645
1044,7,5,18,1,-71.5518545,-33.0263663
1045,7,5,22,1,-71.5518545,-33.0263663
1046,1,5,3,6,-71.1353555,-33.0255929
1047,1,5,8,1,-71.4053896,-33.0588578
1048,1,5,8,3,-71.6043791,-33.0441987
1049,1,5,10,3,-71.514698,-33.0362327
1050,1,5,15,4,-71.6856802,-33.3976876
1051,1,5,18,4,-70.7089418,-32.7655309
1052,1,5,19,2,-71.5716088,-33.0284972
1053,1,5,20,3,-71.2278025,-32.8390593
1054,1,5,20,6,-71.2297151,-32.8255993
1055,1,5,20,6,-71.2297151,-32.8255993
1056,1,5,20,6,-71.2297151,-32.8255993
1057,1,5,20,2,-71.2297151,-32.8255993
1058,1,5,22,1,-71.2441518,-32.8852472
1059,1,5,23,4,-71.5150441,-33.025097
1060,2,5,0,2,-71.5965122,-33.6105765
1061,2,5,3,1,-71.6153501,-33.0544103
1062,2,5,15,1,-71.5357396,-32.963316
1063,2,5,18,1,-71.585997,-33.0502633
1064,3,5,2,2,-71.545625,-33.0127989
1065,3,5,7,1,-71.5924893,-33.528899
1066,3,5,12,2,-71.5114357,-33.0227149
1067,3,5,17,1,-71.5671464,-33.0237032
1068,3,5,20,1,-71.6135001,-33.5979074
1069,3,5,20,1,-71.2785561,-32.9382696
1070,3,5,20,1,-71.5558886,-33.0187185
1071,3,5,22,1,-71.5357396,-32.963316
1072,3,5,22,1,-71.5598361,-33.0239043
1073,4,5,5,6,-70.711086,-32.7736963
1074,4,5,6,6,-70.711086,-32.7736963
1075,4,5,7,2,-71.6219644,-33.0582345
1076,4,5,11,4,-70.734143,-32.746042
1077,4,5,16,2,-71.2464265,-32.8910459
1078,4,5,17,1,-71.5952182,-33.0506828
1079,4,5,20,1,-71.6241458,-33.0470264
1080,4,5,20,1,-71.6252135,-33.0474751
1081,4,5,22,1,-71.5675244,-33.0236723
1082,4,5,23,2,-71.5341096,-33.0317099
1083,5,5,1,2,-71.5466732,-33.0211173
1084,5,5,6,6,-71.2389189,-32.8670508
1085,5,5,14,1,-71.5298284,-32.9730375
1086,5,5,16,1,-71.4336753,-33.0414019
1087,5,5,22,1,-71.4666379,-33.048217
1088,5,5,22,1,-70.5986617,-32.8332331
1089,6,5,1,4,-70.5868479,-32.8091328
1090,6,5,13,1,-71.4279226,-33.0475606
1091,6,5,13,1,-71.6084028,-33.0498255
1092,6,5,15,1,-71.6129771,-33.6029455
1093,6,5,23,3,-71.2409773,-32.8821249
1094,7,6,3,1,-71.5466732,-33.0211173
1095,7,6,3,1,-71.4440235,-32.5075486
1096,7,6,4,1,-71.5364267,-33.0314791
1097,7,6,5,1,-71.6283603,-33.0383018
1098,7,6,11,1,-71.5598087,-33.0471287
1099,7,6,11,4,-71.5146696,-33.0225865
1100,7,6,15,1,-71.476582,-32.9970612
1101,7,6,19,1,-71.5437497,-33.0098837
1102,7,6,20,1,-71.5354014,-33.0581295
1103,7,6,22,1,-71.5394436,-32.785307
1104,7,6,22,1,-71.3819026,-33.0444241
1105,7,6,23,1,-71.5478921,-33.026438
1106,7,6,0,1,-71.6132377,-33.5808615
1107,1,6,6,2,-71.4884314,-33.0307103
1108,1,6,7,1,-71.4923871,-33.031382
1109,1,6,12,1,-71.4522496,-33.0494328
1110,1,6,14,4,-71.5146696,-33.0225865
1111,1,6,15,2,-70.6127153,-32.8230818
1112,1,6,22,1,-71.5224069,-32.9921987
1113,1,6,22,1,-71.6101594,-33.5952041
1114,2,6,7,1,-71.4027592,-33.0370761
1115,2,6,14,1,-71.4182547,-33.0463752
1116,2,6,21,1,-71.472344,-33.0435927
1117,2,6,22,3,-71.53798,-33.0287194
1118,2,6,23,1,-70.6954193,-32.7497415
1119,3,6,4,1,-71.5781379,-33.0565127
1120,3,6,8,2,-71.5814669,-33.0383432
1121,3,6,9,1,-70.5997217,-32.8485708
1122,3,6,18,2,-71.5451875,-33.0107519
1123,3,6,18,1,-71.2865859,-32.9425347
1124,3,6,19,1,-71.5657353,-33.0300658
1125,3,6,20,1,-71.5500014,-33.0153549
1126,3,6,22,1,-71.6390095,-33.0267473
1127,4,6,0,1,-71.4049476,-33.3161705
1128,4,6,1,1,-70.9603847,-32.8421037
1129,4,6,7,1,-71.247959,-32.8955097
1130,4,6,8,2,-71.2369192,-32.8817226
1131,4,6,13,1,-71.547998,-33.0422645
1132,4,6,18,1,-71.2648166,-33.0117561
1133,4,6,20,1,-71.5412862,-33.0171964
1134,4,6,20,1,-71.5784124,-33.04716
1135,4,6,20,2,-71.4315821,-33.0552689
1136,4,6,23,4,-71.6153501,-33.0544103
1137,5,6,0,4,-71.605043,-33.5536616
1138,5,6,2,6,-71.4162292,-33.0717783
1139,5,6,7,2,-71.3994133,-33.061739
1140,5,6,8,5,-71.222641,-32.7937447
1141,5,6,12,2,-71.2737698,-32.9846431
1142,5,6,12,1,-71.6101475,-33.050318
1143,5,6,14,1,-71.5378542,-32.9754537
1144,5,6,14,1,-70.9603847,-32.8421037
1145,5,6,17,5,-71.5504141,-33.0173875
1146,5,6,17,6,-71.4812849,-33.2082797
1147,5,6,17,6,-71.4812849,-33.2082797
1148,5,6,18,2,-71.5851022,-33.029243
1149,5,6,22,3,-71.556377,-33.017796
1150,5,6,23,2,-71.5388277,-33.0408255
1151,6,6,2,1,-71.5765346,-33.0631285
1152,6,6,12,1,-71.5424539,-33.0135808
1153,6,6,14,1,-71.580977,-33.116336
1154,6,6,17,1,-71.6127012,-33.5927584
1155,6,6,18,2,-71.4091695,-32.7971234
1156,6,6,21,1,-71.5583285,-33.0480701
1157,7,6,0,1,-70.9628495,-32.839745
1158,7,6,2,1,-70.5997191,-32.8264825
1159,7,6,3,1,-71.618635,-33.6171295
1160,7,6,3,1,-71.3743416,-33.0489209
1161,7,6,10,5,-71.6097917,-33.6122028
1162,7,6,11,1,-71.4266587,-33.048739
1163,7,6,22,1,-71.4253056,-33.0729624
1164,1,6,5,4,-71.5225377,-32.9654475
1165,1,6,6,1,-71.2631607,-32.8829479
1166,1,6,6,1,-71.5155262,-33.005919
1167,1,6,10,6,-71.067757,-32.4300384
1168,1,6,16,2,-71.2626938,-32.986082
1169,2,6,3,4,-71.5335178,-33.063781
1170,2,6,10,1,-71.3989795,-33.0422758
1171,2,6,17,1,-71.4173196,-33.0496792
1172,2,6,18,4,-70.6543034,-32.7524841
1173,2,6,19,1,-71.5469288,-33.0221567
1174,2,6,23,2,-71.2762134,-32.9362567
1175,2,6,23,1,-71.4800456,-33.0017752
1176,3,6,1,3,-71.5077349,-32.9206228
1177,3,6,5,4,-71.5335178,-33.063781
1178,3,6,6,2,-71.4014271,-33.0497394
1179,3,6,11,1,-71.4146615,-33.0464308
1180,3,6,13,1,-71.4205117,-33.0482978
1181,3,6,15,1,-71.5682582,-33.0530725
1182,3,6,16,1,-71.4393073,-33.044268
1183,3,6,17,1,-71.3817288,-33.0556114
1184,3,6,19,1,-71.5518545,-33.0263663
1185,3,6,19,1,-71.5412862,-33.0171964
1186,3,6,19,1,-71.5688063,-33.0312111
1187,4,6,7,6,-71.5628915,-33.0262547
1188,4,6,11,1,-71.6043791,-33.0441987
1189,4,6,11,3,-71.4145749,-32.7263556
1190,4,6,12,6,-71.5559131,-33.1150656
1191,5,6,1,1,-71.6084028,-33.0498255
1192,5,6,9,1,-71.5408919,-33.0104669
1193,5,6,13,1,-71.5628744,-33.0366039
1194,5,6,17,2,-71.5523503,-33.0139308
1195,5,6,19,1,-71.3819026,-33.0444241
1196,5,6,19,1,-71.2785561,-32.9382696
1197,6,6,1,2,-71.5416552,-33.0106378
1198,6,6,2,1,-71.5483229,-33.02562
1199,6,6,3,1,-71.5943188,-33.043611
1200,6,6,4,6,-71.5716008,-33.1120475
1201,6,6,4,6,-71.5716008,-33.1120475
1202,6,6,4,6,-71.5716008,-33.1120475
1203,6,6,12,1,-71.1946694,-32.7887532
1204,6,6,14,1,-71.6198477,-33.6139268
1205,6,6,23,1,-71.5059474,-33.0241041
1206,7,6,3,1,-71.3657407,-33.0438484
1207,7,6,17,1,-71.6117955,-33.0538637
1208,7,6,19,1,-71.6204901,-33.045658
1209,1,6,0,1,-71.5174404,-32.9250709
1210,1,6,0,1,-71.5443211,-33.0043499
1211,1,6,4,2,-71.2754919,-32.5674633
1212,1,6,7,2,-71.47278,-33.0406979
1213,1,6,10,1,-71.5979279,-33.0500419
1214,1,6,20,1,-71.6098793,-33.0492209
1215,1,6,22,3,-71.5907793,-33.0372249
1216,1,6,23,1,-71.4950144,-32.9988219
1217,2,6,2,1,-71.5601905,-33.018955
1218,2,6,7,3,-71.4989602,-33.0325469
1219,2,6,8,3,-71.610846,-33.0695374
1220,2,6,8,5,-71.5932669,-33.0600808
1221,2,6,12,1,-71.5105005,-32.9201027
1222,2,6,17,1,-71.3805029,-33.0560306
1223,2,6,20,1,-71.4067077,-33.0434953
1224,2,6,22,1,-71.5106022,-33.0120478
1225,3,6,20,2,-70.7368663,-32.7575762
1226,3,6,21,1,-71.546654,-33.0115857
1227,4,6,0,1,-70.731435,-32.7583009
1228,4,6,6,4,-109.424589,-27.1488512
1229,4,6,8,1,-71.0604268,-32.4256157
1230,4,6,10,2,-71.6598087,-33.3726777
1231,4,6,11,1,-71.6047449,-33.0451171
1232,4,6,12,1,-71.5412646,-33.0204174
1233,4,6,21,1,-71.6184619,-33.0519808
1234,4,6,21,4,-71.5500894,-33.0289352
1235,5,6,3,5,-71.4941316,-33.0187659
1236,5,6,6,6,-71.5215166,-32.9941863
1237,5,6,7,6,-71.4178376,-33.0528749
1238,5,6,7,6,-71.4812849,-33.2082797
1239,5,6,11,3,-71.5468439,-33.0054976
1240,5,6,15,6,-71.5240738,-33.035421
1241,5,6,19,1,-71.6127012,-33.5927584
1242,5,6,20,1,-71.4245319,-32.6296117
1243,5,6,21,1,-70.7224719,-32.7582642
1244,5,6,22,1,-71.4372209,-33.0373561
1245,6,6,6,1,-71.5759237,-33.0488892
1246,6,6,14,6,-71.6033068,-33.0486892
1247,6,6,16,2,-71.6132377,-33.5808615
1248,6,6,18,1,-71.5481105,-33.0165166
1249,6,6,22,3,-71.5418806,-33.0077114
1250,6,6,23,3,-71.5424539,-33.0135808
1251,7,6,0,3,-71.4446407,-33.0452702
1252,7,6,1,1,-71.6382112,-33.04224
1253,7,6,6,1,-71.649501,-33.4636234
1254,7,6,8,1,-71.5442869,-33.0312867
1255,7,6,21,1,-71.5437497,-33.0098837
1256,7,6,23,3,-71.440042,-32.796691
1257,7,6,23,3,-71.2615481,-33.0076091
1258,1,6,2,6,-71.4446407,-33.0452702
1259,1,6,3,1,-71.5001144,-33.0326948
1260,1,6,4,1,-71.5191945,-33.0061091
1261,1,6,4,3,-71.6027237,-33.0386669
1262,1,6,7,1,-71.5643616,-33.0634459
1263,1,6,11,1,-71.5416552,-33.0106378
1264,1,6,11,1,-71.4862776,-33.0303984
1265,1,6,19,1,-71.61002,-33.5976014
1266,1,6,19,1,-71.067757,-32.4300384
1267,2,6,16,1,-71.4315821,-33.0552689
1268,2,6,19,1,-71.605043,-33.5536616
1269,2,6,19,3,-71.5513425,-33.015153
1270,2,6,19,1,-71.2498046,-32.8730658
1271,2,6,22,2,-71.6106261,-33.5959001
1272,2,6,23,1,-71.2760321,-32.9803729
1273,3,6,3,1,-71.5418326,-33.0478923
1274,3,6,8,1,-70.712793,-32.7386771
1275,3,6,11,6,-71.4952287,-33.1936321
1276,4,6,0,1,-70.5997191,-32.8264825
1277,4,6,9,1,-71.6219644,-33.0582345
1278,4,6,9,1,-71.5224352,-32.9921268
1279,4,6,20,4,-71.6286318,-33.0308565
1280,4,6,22,6,-71.4471695,-33.050122
1281,5,6,8,6,-71.2081755,-32.7288116
1282,5,6,12,1,-71.6122835,-33.5948614
1283,5,6,19,1,-71.5425254,-32.9726823
1284,5,6,21,1,-71.5276603,-33.0056798
1285,5,6,23,1,-71.3642712,-33.0396987
1286,6,6,1,3,-71.5469288,-33.0221567
1287,6,6,2,1,-71.5139945,-33.0020568
1288,6,6,5,1,-71.6284961,-33.0391022
1289,6,6,9,1,-71.4452257,-33.040785
1290,6,6,11,2,-71.4484552,-33.0557026
1291,6,6,15,6,-71.5469288,-33.0221567
1292,6,6,18,4,-71.3946775,-33.0438945
1293,6,6,19,6,-71.5284215,-32.8270933
1294,6,6,19,1,-71.4633714,-33.0470712
1295,6,6,20,1,-71.5479946,-33.0400956
1296,6,6,22,6,-71.5301535,-32.7712071
1297,7,6,2,1,-71.6209003,-33.0449579
1298,7,6,6,5,-71.4083706,-33.0613166
1299,7,6,8,1,-71.6052067,-33.5176128
1300,7,6,17,1,-70.7211998,-32.7457523
1301,7,6,20,3,-71.5429763,-33.012129
1302,7,6,21,4,-109.401801,-27.1455409
1303,1,6,4,2,-71.5863056,-33.0629522
1304,1,6,5,1,-71.5985893,-33.051965
1305,1,6,7,1,-70.625636,-32.8635148
1306,1,6,10,1,-70.9318389,-32.8420362
1307,1,6,12,1,-71.6132377,-33.5808615
1308,1,6,15,1,-71.5830879,-33.0458732
1309,1,6,17,1,-71.4778148,-32.7167344
1310,1,6,18,4,-71.5782502,-33.0302751
1311,1,6,18,1,-71.5668876,-33.1176512
1312,2,7,7,1,-70.7317385,-32.7484923
1313,2,7,16,3,-70.731435,-32.7583009
1314,3,7,4,1,-71.5204455,-32.9224581
1315,3,7,7,2,-71.5445088,-33.0392712
1316,3,7,7,1,-71.2482056,-32.8816399
1317,3,7,9,2,-71.533253,-32.9375878
1318,3,7,13,6,-71.4182547,-33.0463752
1319,3,7,17,2,-71.5586598,-33.0277313
1320,3,7,20,2,-71.4436718,-33.0573094
1321,3,7,21,1,-71.4053896,-33.0588578
1322,3,7,22,1,-71.5960565,-33.0464165
1323,3,7,23,1,-71.1859151,-32.9952141
1324,4,7,2,1,-71.3917139,-33.0523909
1325,4,7,7,3,-71.6856802,-33.3976876
1326,4,7,7,1,-71.6539356,-33.0454317
1327,4,7,8,5,-71.2049246,-32.7230375
1328,4,7,9,3,-71.5478921,-33.026438
1329,5,7,11,3,-71.6184619,-33.0519808
1330,5,7,14,4,-71.5624516,-33.0200038
1331,5,7,20,6,-70.9543527,-32.8392392
1332,6,7,1,1,-71.5514042,-33.0240542
1333,6,7,1,4,-71.5323403,-32.9805696
1334,6,7,1,1,-71.2049246,-32.7230375
1335,6,7,2,2,-71.5960565,-33.0464165
1336,6,7,19,1,-71.546654,-33.0115857
1337,6,7,21,1,-71.5420328,-32.9758854
1338,7,7,5,2,-71.5276603,-33.0056798
1339,1,7,7,4,-71.5043975,-33.0221895
1340,1,7,11,3,-71.5851022,-33.029243
1341,1,7,12,6,-71.5340814,-33.031644
1342,1,7,20,1,-71.5573906,-33.0307045
1343,1,7,22,2,-71.6266918,-33.0532503
1344,1,7,23,1,-71.5669046,-33.0319758
1345,2,7,18,1,-71.6098793,-33.0492209
1346,2,7,20,1,-71.4349164,-33.0563941
1347,2,7,20,1,-71.5782502,-33.0302751
1348,2,7,23,1,-71.5106897,-33.0402634
1349,3,7,0,2,-71.5259188,-33.025796
1350,3,7,3,1,-71.6132377,-33.5808615
1351,3,7,6,5,-71.5631849,-33.0337029
1352,3,7,10,1,-71.4414558,-33.0504897
1353,3,7,11,1,-71.6241458,-33.0470264
1354,3,7,12,1,-71.4446407,-33.0452702
1355,3,7,13,1,-71.1851795,-32.4670123
1356,3,7,14,3,-71.5106022,-33.0120478
1357,3,7,18,3,-71.5394183,-33.0085702
1358,3,7,19,1,-71.5024031,-32.9948473
1359,3,7,22,1,-71.5486968,-33.0212062
1360,3,7,22,1,-71.3841012,-33.0560411
1361,3,7,22,1,-71.5466732,-33.0211173
1362,4,7,2,2,-71.560206,-33.1171703
1363,4,7,4,1,-71.2600893,-33.0149923
1364,4,7,5,6,-71.5562632,-33.107494
1365,4,7,7,5,-71.2344245,-32.8605008
1366,4,7,16,3,-71.2785561,-32.9382696
1367,4,7,19,2,-71.5980085,-33.0477713
1368,4,7,20,1,-71.5218946,-32.9359237
1369,5,7,7,1,-71.7700694,-33.8661494
1370,5,7,14,2,-71.4778148,-32.7167344
1371,5,7,20,1,-71.6856802,-33.3976876
1372,5,7,20,1,-71.2644805,-32.8796074
1373,5,7,23,1,-71.5679495,-33.0241438
1374,6,7,2,1,-71.6270433,-33.039573
1375,6,7,3,1,-71.330096,-33.1504973
1376,6,7,3,1,-71.3819026,-33.0444241
1377,6,7,4,1,-70.5949688,-32.8054937
1378,6,7,12,1,-71.5449305,-33.0176272
1379,6,7,12,1,-71.4013605,-33.3258632
1380,6,7,16,1,-71.3629386,-32.9787747
1381,6,7,20,2,-71.6856802,-33.3976876
1382,6,7,21,1,-71.5449305,-33.0176272
1383,7,7,0,4,-70.7020855,-32.8166735
1384,7,7,10,2,-71.6132377,-33.5808615
1385,7,7,20,1,-71.214771,-32.9958779
1386,7,7,21,1,-71.5454509,-33.0072493
1387,1,7,8,5,-71.2401069,-32.8778769
1388,1,7,8,3,-71.490199,-32.8763153
1389,1,7,12,6,-71.2744005,-33.0194661
1390,1,7,19,1,-71.6122102,-33.5938001
1391,1,7,21,1,-71.4440235,-32.5075486
1392,1,7,22,1,-71.531633,-33.0340976
1393,2,7,0,1,-71.6269687,-33.0485119
1394,2,7,3,5,-71.606438,-33.553894
1395,2,7,21,2,-71.6241458,-33.0470264
1396,3,7,1,1,-71.5442218,-33.0315842
1397,3,7,5,1,-70.5861093,-32.8435254
1398,3,7,8,1,-71.5341261,-32.7960371
1399,3,7,8,2,-71.4215791,-33.0489147
1400,3,7,15,1,-70.731435,-32.7583009
1401,3,7,18,5,-71.2441518,-32.8852472
1402,3,7,19,1,-71.6270433,-33.039573
1403,3,7,19,1,-71.6132377,-33.5808615
1404,3,7,20,1,-71.5284701,-32.9845037
1405,3,7,20,1,-70.9559194,-32.837208
1406,4,7,3,1,-71.533817,-33.0396899
1407,4,7,8,1,-71.5468598,-33.0126179
1408,4,7,17,1,-71.4577169,-33.0461024
1409,4,7,20,2,-71.3571601,-33.0509096
1410,5,7,13,1,-71.6127012,-33.5927584
1411,5,7,17,6,-71.54314,-33.0249457
1412,5,7,18,5,-71.5258107,-33.0336809
1413,5,7,19,1,-71.2401955,-32.8641196
1414,5,7,20,6,-71.5556803,-33.1082735
1415,5,7,20,1,-71.4035207,-33.0428596
1416,5,7,22,1,-71.5466732,-33.0211173
1417,6,7,4,1,-71.2449626,-32.8702713
1418,6,7,5,2,-71.2663101,-33.0087254
1419,6,7,10,1,-71.2441518,-32.8852472
1420,7,7,2,4,-70.7138658,-32.656015
1421,7,7,5,1,-71.6084186,-33.6085721
1422,7,7,5,3,-71.5412817,-33.0181792
1423,7,7,12,2,-71.1353555,-33.0255929
1424,7,7,15,1,-71.5500014,-33.0153549
1425,7,7,19,1,-71.4385689,-33.0543043
1426,7,7,19,1,-71.5478732,-33.0088278
1427,7,7,20,3,-71.4316514,-33.044846
1428,7,7,23,2,-71.152696,-32.7879105
1429,1,7,2,4,-71.4949272,-33.0277738
1430,1,7,4,1,-71.5284701,-32.9845037
1431,1,7,9,2,-70.5941548,-32.8439854
1432,1,7,11,1,-71.2741626,-33.0056318
1433,1,7,19,2,-71.4446407,-33.0452702
1434,1,7,22,2,-71.5359278,-32.9390033
1435,1,7,22,1,-71.5389945,-33.0108278
1436,1,7,22,2,-71.5434697,-33.0291383
1437,1,7,22,1,-71.5284701,-32.9845037
1438,2,7,2,1,-71.5276603,-33.0056798
1439,2,7,7,2,-70.7076993,-32.743483
1440,2,7,8,5,-70.6003037,-32.8372252
1441,2,7,9,2,-71.2441518,-32.8852472
1442,2,7,13,1,-71.5809233,-33.1155336
1443,2,7,17,6,-71.5462089,-33.005736
1444,2,7,18,1,-71.5960565,-33.0464165
1445,2,7,18,1,-71.6854038,-33.3978822
1446,3,7,5,6,-71.6132377,-33.5808615
1447,3,7,6,1,-71.3735501,-33.0424859
1448,3,7,8,2,-71.5466732,-33.0211173
1449,3,7,11,5,-71.1918371,-32.7896905
1450,3,7,12,5,-71.407372,-33.052066
1451,3,7,15,4,-71.1851795,-32.4670123
1452,3,7,18,1,-71.5523503,-33.0139308
1453,3,7,18,1,-71.5529712,-33.0170136
1454,3,7,18,1,-71.2711412,-32.9888089
1455,3,7,19,1,-71.3735501,-33.0424859
1456,3,7,20,4,-71.5437497,-33.0098837
1457,3,7,20,3,-71.4364197,-33.0430866
1458,3,7,22,1,-71.5500014,-33.0153549
1459,3,7,23,2,-71.5414646,-33.0261793
1460,4,7,9,2,-71.145221,-32.8000578
1461,4,7,12,4,-71.5082047,-33.0268207
1462,4,7,12,4,-71.5082047,-33.0268207
1463,4,7,14,1,-71.5574236,-33.0200985
1464,4,7,16,1,-71.5598361,-33.0239043
1465,4,7,19,1,-71.5628915,-33.0262547
1466,4,7,20,1,-71.3768725,-33.0565001
1467,4,7,23,1,-71.4159581,-33.0607723
1468,5,7,3,1,-70.731435,-32.7583009
1469,5,7,4,1,-71.6151774,-33.0529514
1470,5,7,5,1,-71.5319415,-33.0369833
1471,5,7,6,6,-71.6132377,-33.5808615
1472,5,7,14,1,-71.3522402,-33.0404105
1473,5,7,14,1,-71.6237431,-33.6469049
1474,5,7,14,1,-71.4778148,-32.7167344
1475,5,7,15,1,-71.2542818,-32.8779354
1476,5,7,18,1,-71.6269687,-33.0485119
1477,5,7,19,1,-71.4095056,-33.0481684
1478,5,7,19,1,-71.6068406,-33.5931745
1479,5,7,20,1,-71.3904448,-33.0531055
1480,5,7,21,2,-71.1893605,-32.7722142
1481,5,7,22,1,-71.5493938,-33.0485453
1482,5,7,23,1,-71.134082,-32.8192174
1483,5,7,6,1,-71.3857451,-33.0492875
1484,6,7,2,2,-71.5378542,-32.9754537
1485,6,7,7,3,-71.531633,-33.0340976
1486,6,7,10,5,-71.1972259,-32.7814497
1487,6,7,10,1,-71.2658215,-33.0029997
1488,6,7,11,1,-71.5598361,-33.0239043
1489,6,7,19,1,-71.5008309,-32.9981392
1490,6,7,19,2,-71.4812528,-33.0305494
1491,6,7,20,1,-71.6856802,-33.3976876
1492,6,7,21,1,-71.5486968,-33.0212062
1493,6,7,22,1,-71.4497486,-33.0578053
1494,6,7,23,1,-71.551537,-33.0251315
1495,7,7,0,5,-71.2206048,-32.8766261
1496,7,7,1,1,-71.54825,-32.9332684
1497,7,7,4,1,-71.54825,-32.9332684
1498,7,7,5,1,-71.4140483,-33.0584664
1499,7,7,9,6,-71.5556803,-33.1082735
1500,7,7,12,6,-71.5556803,-33.1082735
1501,7,7,16,4,-71.6412897,-33.0579173
1502,7,7,17,1,-71.679166,-33.4048698
1503,7,7,19,1,-71.5648315,-33.1215327
1504,1,7,3,1,-71.5033539,-33.017278
1505,1,7,18,6,-71.5279247,-33.0306423
1506,1,7,20,1,-71.6056551,-33.050482
1507,1,7,21,2,-71.7700694,-33.8661494
1508,2,7,6,1,-70.731435,-32.7583009
1509,2,7,8,1,-71.5656668,-33.1177505
1510,2,7,10,6,-71.547998,-33.0422645
1511,2,7,11,1,-71.5518545,-33.0263663
1512,2,7,14,5,-71.5956974,-33.0389952
1513,2,7,17,3,-70.7170148,-32.7467716
1514,2,7,17,5,-71.556894,-33.023666
1515,2,7,22,1,-71.5469288,-33.0221567
1516,3,7,7,6,-71.6785518,-33.3745676
1517,3,7,9,3,-71.5082114,-32.9982033
1518,3,7,11,6,-71.5556803,-33.1082735
1519,3,7,13,1,-71.4123445,-33.0403184
1520,3,7,20,2,-71.53798,-33.0287194
1521,3,7,20,1,-71.5780477,-33.0332506
1522,3,7,20,1,-71.5780477,-33.0332506
1523,3,7,22,6,-71.5556803,-33.1082735
1524,3,7,23,1,-71.6065609,-33.0502611
1525,3,7,23,1,-71.5307117,-32.9832068
1526,4,7,5,1,-71.4503406,-33.0478762
1527,4,7,5,2,-71.5568658,-33.0161355
1528,4,7,15,1,-71.2483399,-32.8942544
1529,4,7,20,2,-71.2393195,-32.8691623
1530,4,7,21,1,-71.5412248,-32.9729997
1531,4,7,21,3,-71.4243239,-33.0401207
1532,4,7,22,1,-71.3463172,-33.0573647
1533,4,7,22,1,-71.5504141,-33.0173875
1534,4,7,23,3,-71.6119598,-33.6051532
1535,5,8,0,4,-71.515492,-33.0177326
1536,5,8,6,6,-71.7300849,-33.9210191
1537,5,8,6,4,-71.6151199,-33.6078486
1538,5,8,7,6,-71.7300849,-33.9210191
1539,5,8,7,6,-71.7300849,-33.9210191
1540,5,8,8,2,-71.6256473,-33.0467213
1541,5,8,19,1,-71.5416552,-33.0106378
1542,5,8,20,4,-70.5651856,-32.7645603
1543,5,8,21,1,-71.5451875,-33.0107519
1544,6,8,0,2,-71.5605371,-33.1190816
1545,6,8,1,1,-71.0796654,-32.8556283
1546,6,8,7,6,-71.5225377,-32.9654475
1547,6,8,10,1,-71.5513425,-33.015153
1548,6,8,17,1,-71.5083996,-33.03335
1549,6,8,17,3,-71.5074665,-33.0392578
1550,6,8,18,1,-71.4234409,-33.0541996
1551,6,8,20,1,-71.4150021,-33.0570386
1552,6,8,22,3,-71.5500014,-33.0153549
1553,7,8,4,1,-71.5558886,-33.0187185
1554,7,8,8,1,-71.545625,-33.0127989
1555,7,8,9,1,-71.3904448,-33.0531055
1556,7,8,11,1,-71.4266587,-33.048739
1557,7,8,21,1,-71.0987091,-32.8279165
1558,7,8,21,3,-71.4453943,-33.0476177
1559,7,8,23,1,-71.2484448,-32.8858364
1560,1,8,6,1,-70.9546538,-32.8428205
1561,1,8,10,2,-71.4242109,-32.9277339
1562,1,8,11,1,-71.4315821,-33.0552689
1563,1,8,13,1,-71.3735501,-33.0424859
1564,1,8,14,1,-71.6135001,-33.5979074
1565,1,8,17,1,-71.4266587,-33.048739
1566,1,8,17,3,-71.5412817,-33.0181792
1567,1,8,18,1,-71.4778148,-32.7167344
1568,1,8,22,1,-71.4832466,-33.0015298
1569,2,8,3,1,-71.4320631,-33.059135
1570,2,8,5,1,-71.5898303,-33.0365357
1571,2,8,8,1,-71.6270433,-33.039573
1572,2,8,11,1,-71.5628915,-33.0262547
1573,2,8,19,5,-71.3818617,-33.0472962
1574,2,8,20,1,-71.4027592,-33.0370761
1575,2,8,20,1,-71.5197087,-32.997739
1576,2,8,20,1,-71.6119923,-33.0498832
1577,3,8,3,1,-71.0304094,-32.8166194
1578,3,8,7,1,-71.2903422,-32.9815961
1579,3,8,15,6,-71.5729376,-33.1129976
1580,3,8,17,2,-71.4422143,-33.0448783
1581,3,8,20,3,-71.3728889,-33.0529416
1582,3,8,20,6,-71.5729376,-33.1129976
1583,4,8,1,2,-71.5295546,-32.9858163
1584,4,8,5,2,-71.2409773,-32.8821249
1585,4,8,11,4,-71.6130545,-33.6147395
1586,4,8,13,1,-71.5913136,-33.041601
1587,4,8,15,3,-71.6401198,-33.0247995
1588,4,8,18,1,-71.5451875,-33.0107519
1589,4,8,19,1,-71.4812528,-33.0305494
1590,4,8,19,1,-71.6113204,-33.0514679
1591,4,8,19,6,-71.4371543,-33.0494327
1592,4,8,20,2,-71.6021295,-33.0481866
1593,4,8,22,2,-71.61002,-33.5976014
1594,4,8,22,2,-71.5691389,-33.0440136
1595,4,8,22,1,-71.3857451,-33.0492875
1596,4,8,23,2,-71.6107242,-33.6128648
1597,5,8,1,3,-71.5006724,-32.9901309
1598,5,8,5,1,-71.5185759,-33.0295952
1599,5,8,7,2,-71.2378269,-32.8699152
1600,5,8,8,6,-71.4812849,-33.2082797
1601,5,8,10,1,-71.6403302,-33.0249881
1602,5,8,11,5,-71.5716088,-33.0284972
1603,5,8,17,1,-70.7231785,-32.8188374
1604,5,8,20,1,-71.5412817,-33.0181792
1605,5,8,22,1,-71.5598087,-33.0471287
1606,5,8,22,1,-71.3857451,-33.0492875
1607,6,8,1,2,-71.5224352,-32.9921268
1608,6,8,3,1,-71.5105005,-32.9201027
1609,6,8,7,1,-71.6103819,-33.5730836
1610,6,8,13,1,-71.5385478,-33.0027822
1611,6,8,18,2,-71.5286203,-32.7832013
1612,6,8,18,6,-71.5469859,-33.0083414
1613,6,8,19,1,-71.5412646,-33.0204174
1614,6,8,7,3,-71.4472308,-33.0369115
1615,7,8,5,1,-70.5936162,-32.8344944
1616,7,8,23,1,-71.5919201,-33.0376478
1617,1,8,7,4,-71.506773,-33.0252349
1618,1,8,10,1,-71.5518545,-33.0263663
1619,1,8,19,2,-71.3898,-33.0441084
1620,1,8,19,1,-71.2441518,-32.8852472
1621,2,8,0,1,-71.4343328,-33.0556868
1622,2,8,2,6,-71.2473555,-32.879997
1623,2,8,2,6,-70.9368955,-32.8427936
1624,2,8,7,1,-71.3867245,-33.045463
1625,2,8,8,2,-71.5586598,-33.0277313
1626,2,8,11,2,-71.5284816,-32.8271994
1627,2,8,14,1,-71.5626307,-33.0244676
1628,2,8,19,6,-71.4952287,-33.1936321
1629,2,8,21,2,-71.5442869,-33.0312867
1630,2,8,22,1,-71.5211845,-33.0412344
1631,3,8,6,1,-71.4008498,-33.0505347
1632,3,8,7,2,-71.5945953,-33.0483194
1633,3,8,9,1,-71.6050773,-33.6191135
1634,3,8,9,6,-71.5071197,-33.0022956
1635,3,8,13,1,-71.3463071,-33.0470712
1636,3,8,17,3,-71.5446518,-33.00322
1637,3,8,19,1,-71.2550541,-33.0227968
1638,3,8,21,1,-71.5156419,-33.0194442
1639,3,8,22,1,-71.5449701,-33.0015313
1640,4,8,1,1,-71.3642495,-33.0399685
1641,4,8,3,2,-71.2019741,-32.7862369
1642,4,8,5,1,-71.2664883,-32.9909029
1643,4,8,8,1,-71.5178748,-32.9224936
1644,4,8,16,1,-71.5407162,-33.004703
1645,4,8,18,1,-71.5488793,-33.0161329
1646,4,8,19,1,-71.5513425,-33.015153
1647,5,8,3,1,-71.4372842,-33.0479855
1648,5,8,3,4,-70.731435,-32.7583009
1649,5,8,8,1,-71.6027302,-33.5151347
1650,5,8,9,3,-71.4746743,-33.0451751
1651,5,8,11,2,-71.6132377,-33.5808615
1652,5,8,23,4,-71.5400166,-33.0329927
1653,6,8,0,6,-71.5391113,-33.0280382
1654,6,8,3,1,-71.6269687,-33.0485119
1655,6,8,11,2,-71.5249741,-32.9644204
1656,6,8,15,3,-71.545736,-32.9768722
1657,6,8,15,3,-71.4328194,-32.6442224
1658,6,8,19,2,-71.5480472,-33.0081896
1659,6,8,20,1,-71.396054,-33.0560808
1660,7,8,3,1,-70.5997758,-32.8326155
1661,7,8,5,2,-71.5830879,-33.0458732
1662,7,8,10,1,-71.4800456,-33.0017752
1663,7,8,10,5,-71.6034808,-33.0469262
1664,1,8,2,1,-71.6519192,-33.0448637
1665,1,8,10,1,-71.4014271,-33.0497394
1666,1,8,16,1,-71.5645494,-33.0303901
1667,1,8,19,1,-71.4315821,-33.0552689
1668,1,8,19,1,-71.3734057,-33.0607633
1669,1,8,20,1,-71.5580174,-33.0171755
1670,1,8,21,6,-71.61561,-33.6053473
1671,1,8,22,6,-71.6437149,-33.0220565
1672,2,8,16,1,-71.6043791,-33.0441987
1673,2,8,18,5,-71.3659008,-33.060465
1674,2,8,20,2,-71.6189724,-33.0438152
1675,2,8,22,2,-71.4242109,-32.9277339
1676,3,8,8,4,-71.5776492,-33.0285342
1677,3,8,9,1,-71.4967331,-33.0023146
1678,3,8,11,1,-71.5437133,-32.9715335
1679,3,8,15,2,-71.4951167,-33.004953
1680,3,8,18,1,-71.2441518,-32.8852472
1681,3,8,20,1,-71.5368343,-33.0320628
1682,3,8,22,1,-71.2616705,-33.0078458
1683,4,8,0,1,-71.4379868,-33.0449168
1684,4,8,3,6,-71.2785561,-32.9382696
1685,4,8,8,2,-71.5687908,-33.0306259
1686,4,8,10,2,-71.2453655,-32.8895139
1687,4,8,10,1,-71.4482971,-33.0429916
1688,4,8,12,1,-71.3854105,-33.0466654
1689,4,8,17,1,-71.605043,-33.5536616
1690,4,8,17,1,-71.5515753,-33.0274397
1691,4,8,21,1,-71.5393174,-33.0079831
1692,5,8,12,1,-71.2753573,-32.9928071
1693,5,8,16,1,-71.5511711,-33.0182285
1694,5,8,21,2,-71.4140483,-33.0584664
1695,5,8,21,1,-71.6871332,-33.4134102
1696,5,8,21,2,-71.4083558,-33.0482646
1697,6,8,7,1,-71.418461,-33.309626
1698,6,8,12,4,-71.4254361,-33.7349066
1699,7,8,5,1,-71.394223,-33.0297357
1700,7,8,7,1,-71.4989602,-33.0325469
1701,7,8,7,1,-71.5949782,-33.0623759
1702,7,8,11,1,-71.4188241,-33.0607412
1703,7,8,18,1,-71.5434875,-32.9701302
1704,1,8,0,1,-71.4503406,-33.0478762
1705,1,8,5,2,-71.4372209,-33.0373561
1706,1,8,7,6,-71.4999149,-32.9704372
1707,1,8,10,2,-71.2401955,-32.8641196
1708,2,8,4,1,-71.1918371,-32.7896905
1709,2,8,8,1,-71.5069398,-33.0052055
1710,2,8,9,2,-71.6084186,-33.6085721
1711,2,8,9,2,-71.5449305,-33.0176272
1712,2,8,17,2,-71.4385689,-33.0543043
1713,2,8,20,5,-70.961836,-32.8409602
1714,2,8,21,6,-71.5518545,-33.0263663
1715,2,8,21,1,-71.5744211,-33.1154161
1716,2,8,22,1,-71.5673848,-33.0306787
1717,3,8,2,2,-71.4385689,-33.0543043
1718,3,8,8,2,-71.5362463,-32.9806613
1719,3,8,9,1,-71.4816715,-33.0307909
1720,3,8,11,1,-71.5374689,-33.00828
1721,3,8,14,1,-71.067757,-32.4300384
1722,3,8,18,4,-70.6519389,-32.7784274
1723,3,8,22,4,-70.6519389,-32.7784274
1724,4,8,0,1,-71.5416552,-33.0106378
1725,4,8,9,4,-70.6927294,-32.8373446
1726,4,8,15,1,-71.4223619,-33.0729253
1727,4,8,16,1,-71.6034808,-33.0469262
1728,5,8,1,1,-71.5684293,-33.0257874
1729,5,8,3,3,-71.264794,-32.8941489
1730,5,8,9,2,-71.4279226,-33.0475606
1731,5,8,16,2,-71.629089,-33.6405993
1732,5,8,18,3,-71.5514042,-33.0240542
1733,5,8,18,1,-71.53798,-33.0287194
1734,5,8,20,2,-71.6004154,-33.5254505
1735,5,8,22,2,-71.6715213,-33.4489127
1736,5,8,23,1,-70.5632222,-32.8313423
1737,5,8,23,1,-71.5598361,-33.0239043
1738,5,8,23,1,-71.5336112,-33.0283406
1739,6,8,4,1,-71.2136809,-32.6960712
1740,6,8,9,1,-71.2503128,-32.8739388
1741,6,8,13,3,-71.5244947,-33.032692
1742,6,8,15,2,-71.556894,-33.023666
1743,6,8,20,1,-71.3745831,-33.0396986
1744,6,8,21,1,-71.5759237,-33.0488892
1745,7,8,1,5,-71.6132377,-33.5808615
1746,7,8,1,1,-71.2697561,-33.0140722
1747,7,8,3,1,-71.4778148,-32.7167344
1748,7,8,10,1,-71.6270876,-33.0419146
1749,7,8,15,1,-71.2764582,-32.9385059
1750,7,8,19,1,-71.5431216,-33.0017563
1751,7,8,21,1,-71.5412646,-33.0204174
1752,7,8,22,2,-71.5012834,-33.0114097
1753,1,9,5,6,-71.2091732,-32.8570374
1754,1,9,7,1,-71.5408605,-33.019316
1755,1,9,13,1,-71.4666379,-33.048217
1756,1,9,18,2,-71.5424539,-33.0135808
1757,1,9,19,3,-71.443602,-33.0493762
1758,2,9,0,1,-71.3642495,-33.0399685
1759,2,9,0,1,-71.4778148,-32.7167344
1760,2,9,3,1,-71.5374689,-33.00828
1761,2,9,7,2,-71.4019731,-33.0324764
1762,2,9,8,3,-71.5599405,-33.0173588
1763,2,9,8,2,-71.3565807,-33.0436948
1764,2,9,8,2,-70.5632222,-32.8313423
1765,2,9,10,1,-71.5694837,-33.0653505
1766,2,9,12,1,-71.5236528,-33.0367894
1767,2,9,12,6,-70.731435,-32.7583009
1768,2,9,13,4,-71.5181874,-32.9995849
1769,2,9,13,1,-71.4219013,-33.048116
1770,2,9,19,1,-71.4319459,-33.0460912
1771,2,9,20,1,-71.4778148,-32.7167344
1772,2,9,21,6,-71.3661705,-33.0561098
1773,2,9,21,1,-71.3734165,-33.035248
1774,3,9,0,1,-71.4315821,-33.0552689
1775,3,9,20,1,-71.4418049,-33.0367667
1776,4,9,1,1,-71.347929,-33.0404922
1777,4,9,5,1,-70.7116213,-32.7409346
1778,4,9,17,6,-71.5500014,-33.0153549
1779,4,9,21,1,-71.4709568,-33.2401592
1780,4,9,21,1,-71.531185,-32.7789869
1781,4,9,22,1,-70.95756,-32.8390636
1782,4,9,0,2,-70.9546538,-32.8428205
1783,5,9,1,1,-71.5817128,-33.0278117
1784,5,9,11,4,-71.5436001,-33.0020034
1785,5,9,19,1,-71.605043,-33.5536616
1786,5,9,21,2,-70.695396,-32.7488761
1787,5,9,22,2,-71.5558886,-33.0187185
1788,5,9,23,2,-71.5569985,-33.0171753
1789,6,9,2,6,-71.5635426,-33.1208946
1790,6,9,4,1,-71.4662289,-33.044387
1791,6,9,7,1,-71.3501585,-33.0418998
1792,6,9,9,3,-71.4315821,-33.0552689
1793,6,9,11,3,-71.4268502,-33.0713686
1794,6,9,14,6,-71.5650271,-33.1320911
1795,6,9,15,1,-71.5468598,-33.0126179
1796,6,9,21,4,-71.4390419,-33.0533474
1797,6,9,22,3,-71.53798,-33.0287194
1798,7,9,0,1,-71.4940693,-32.9989606
1799,7,9,4,1,-71.3642786,-33.0660092
1800,7,9,6,1,-71.403872,-33.0554422
1801,7,9,11,1,-71.5660121,-33.0281344
1802,7,9,15,1,-71.2593669,-33.0061909
1803,7,9,22,3,-71.5179136,-32.9257626
1804,1,9,10,1,-109.349576,-27.1259593
1805,1,9,18,4,-109.429145,-27.1497351
1806,1,9,21,1,-71.4067077,-33.0434953
1807,1,9,22,1,-71.2288578,-32.8427214
1808,2,9,12,1,-71.5302334,-33.006419
1809,2,9,15,3,-71.5217862,-32.9196
1810,2,9,17,1,-71.6132377,-33.5808615
1811,2,9,21,3,-71.5591714,-33.0290068
1812,2,9,21,1,-71.4972183,-33.0227057
1813,3,9,10,1,-71.5675262,-33.1216712
1814,3,9,13,2,-71.6097917,-33.6122028
1815,3,9,21,1,-71.4932493,-32.9974651
1816,3,9,21,1,-71.4504512,-33.0463025
1817,3,9,22,1,-71.4778148,-32.7167344
1818,3,9,22,1,-71.5694837,-33.0653505
1819,4,9,7,2,-71.2744899,-32.9802485
1820,4,9,15,1,-71.4328194,-32.6442224
1821,4,9,22,1,-71.2453655,-32.8895139
1822,5,9,3,1,-71.5655852,-33.0513964
1823,6,9,1,1,-71.5529712,-33.0170136
1824,6,9,5,1,-70.7031091,-32.754021
1825,6,9,6,1,-71.5341096,-33.0317099
1826,6,9,6,1,-71.5518545,-33.0263663
1827,6,9,18,2,-71.2040014,-32.4405312
1828,7,9,2,1,-71.4440235,-32.5075486
1829,7,9,14,2,-71.6119923,-33.0498832
1830,1,9,4,2,-71.2613348,-33.0151218
1831,1,9,5,2,-71.2525872,-32.8949776
1832,1,9,12,1,-71.5208888,-33.5292322
1833,1,9,23,1,-71.4440235,-32.5075486
1834,2,9,3,1,-71.4948055,-32.9973742
1835,2,9,7,2,-71.5409383,-33.0388559
1836,2,9,10,1,-71.4832466,-33.0015298
1837,2,9,19,1,-71.6390095,-33.0267473
1838,2,9,20,2,-71.5225377,-32.9654475
1839,2,9,20,3,-71.5437497,-33.0098837
1840,2,9,20,1,-71.3735501,-33.0424859
1841,2,9,21,6,-71.3846634,-32.4897042
1842,2,9,22,3,-71.5425219,-32.9632013
1843,3,9,8,1,-70.5995023,-32.8385289
1844,3,9,10,1,-71.4446407,-33.0452702
1845,3,9,12,6,-71.4456439,-33.0505526
1846,3,9,13,1,-71.5297602,-33.0358619
1847,3,9,17,6,-71.6835329,-33.3672978
1848,3,9,21,1,-71.4294047,-33.0494087
1849,4,9,0,1,-71.4253533,-33.0372711
1850,4,9,1,1,-71.6417144,-33.0209511
1851,4,9,8,1,-71.3855778,-33.0594743
1852,4,9,8,1,-71.4247288,-33.0606306
1853,4,9,9,6,-71.4024831,-33.0614962
1854,4,9,13,1,-71.6871332,-33.4134102
1855,4,9,18,2,-71.5449476,-32.9384849
1856,4,9,19,6,-71.605043,-33.5536616
1857,4,9,22,1,-71.5593411,-33.05793
1858,4,9,22,1,-71.5412646,-33.0204174
1859,5,9,9,1,-71.5319415,-33.0369833
1860,5,9,15,3,-109.426397,-27.1599001
1861,5,9,18,1,-71.6401198,-33.0247995
1862,5,9,21,1,-71.4931065,-32.7227285
1863,5,9,22,1,-71.4315821,-33.0552689
1864,5,9,23,1,-71.5514361,-33.022563
1865,6,9,1,1,-71.5599405,-33.0173588
1866,6,9,9,4,-71.6390095,-33.0267473
1867,6,9,12,1,-71.6132377,-33.5808615
1868,6,9,23,1,-71.6467697,-33.0443219
1869,7,9,4,1,-71.6415771,-33.0232634
1870,7,9,12,2,-71.5687908,-33.0306259
1871,7,9,14,2,-71.4328194,-32.6442224
1872,7,9,22,1,-71.3805029,-33.0560306
1873,1,9,2,1,-71.5500014,-33.0153549
1874,1,9,7,1,-71.5388277,-33.0408255
1875,1,9,15,1,-71.1999785,-32.736025
1876,1,9,16,2,-71.6213738,-33.0463555
1877,1,9,19,1,-71.5422813,-33.0133974
1878,1,9,21,1,-71.6101475,-33.050318
1879,1,9,22,1,-71.5339773,-33.037189
1880,1,9,22,1,-71.2065102,-32.7921997
1881,1,9,23,1,-71.4778148,-32.7167344
1882,2,9,3,2,-71.5288529,-32.97063
1883,2,9,20,1,-71.6856802,-33.3976876
1884,3,9,9,1,-71.4666379,-33.048217
1885,3,9,9,2,-71.4778148,-32.7167344
1886,3,9,9,1,-70.95756,-32.8390636
1887,3,9,10,1,-71.2819508,-32.9859832
1888,3,9,18,1,-71.5656668,-33.1177505
1889,3,9,20,1,-71.5904764,-33.0564878
1890,3,9,22,1,-71.4234409,-33.0541996
1891,3,9,23,2,-71.6132377,-33.5808615
1892,4,9,7,1,-71.5518545,-33.0263663
1893,4,9,10,2,-71.1918371,-32.7896905
1894,4,9,12,1,-71.067757,-32.4300384
1895,4,9,18,3,-71.5518545,-33.0263663
1896,5,9,4,2,-71.5347614,-32.9786525
1897,5,9,5,1,-71.5040473,-32.9881312
1898,5,9,6,1,-71.5380601,-33.0526678
1899,5,9,8,1,-71.4319459,-33.0460912
1900,5,9,8,2,-71.5310681,-32.9353715
1901,5,9,13,2,-71.6197155,-33.4939684
1902,5,9,22,1,-71.5169834,-32.9974251
1903,5,9,23,1,-71.547998,-33.0422645
1904,6,9,2,1,-71.3702457,-33.0537008
1905,6,9,6,6,-71.4112024,-33.314977
1906,6,9,15,1,-71.6082427,-33.6201146
1907,6,9,17,1,-71.500664,-33.0057742
1908,6,9,19,1,-71.3572309,-33.0430529
1909,6,9,20,1,-71.4831564,-33.0355005
1910,7,9,0,2,-71.5518545,-33.0263663
1911,7,9,5,1,-71.4503406,-33.0478762
1912,7,9,13,4,-71.5832854,-33.0413283
1913,7,9,14,1,-71.2753573,-32.9928071
1914,7,9,14,1,-71.4380369,-33.0448616
1915,7,9,16,1,-71.4778148,-32.7167344
1916,7,9,18,1,-71.6050949,-33.0551067
1917,7,9,21,1,-71.3841782,-33.0457125
1918,1,9,5,4,-71.6199252,-33.0451705
1919,1,9,6,5,-71.2185153,-32.7927252
1920,1,9,10,1,-71.37821,-33.0605311
1921,1,9,20,1,-71.4365871,-33.0443038
1922,1,9,22,1,-71.6037838,-33.0461627
1923,1,9,23,2,-71.4986985,-33.0114756
1924,2,9,9,1,-71.3841782,-33.0457125
1925,2,9,17,1,-71.5630464,-33.0283334
1926,2,9,18,1,-71.4434878,-33.0533832
1927,2,9,18,2,-71.2519946,-32.8765643
1928,2,9,20,2,-71.4927405,-33.0300006
1929,2,9,21,2,-70.5882392,-32.8452872
1930,2,9,22,3,-71.5224352,-32.9921268
1931,3,10,7,6,-71.145221,-32.8000578
1932,3,10,9,1,-71.5408919,-33.0104669
1933,3,10,17,2,-71.5590185,-33.0600493
1934,3,10,21,1,-71.4336753,-33.0414019
1935,3,10,22,1,-71.4227695,-33.0451527
1936,3,10,23,1,-71.5630464,-33.0283334
1937,3,10,23,1,-71.5630464,-33.0283334
1938,4,10,16,1,-71.3726567,-33.0484068
1939,4,10,22,1,-71.498484,-33.0186696
1940,4,10,22,1,-71.546654,-33.0115857
1941,5,10,3,2,-71.5400672,-32.977189
1942,5,10,17,3,-71.5628915,-33.0262547
1943,5,10,19,1,-71.4371543,-33.0494327
1944,5,10,23,1,-71.4455224,-33.0553245
1945,6,10,8,1,-71.4764275,-32.9960744
1946,6,10,8,1,-71.533699,-33.0288114
1947,6,10,9,1,-71.4159581,-33.0607723
1948,6,10,10,1,-71.6247662,-33.0420982
1949,6,10,13,5,-71.4098855,-33.042078
1950,6,10,15,1,-71.4045672,-33.0443071
1951,6,10,21,2,-71.0718579,-32.4316617
1952,6,10,23,1,-71.5053479,-33.0132448
1953,7,10,6,1,-71.3735501,-33.0424859
1954,7,10,20,1,-71.2700169,-32.9845718
1955,1,10,8,5,-71.5446389,-33.0250598
1956,1,10,9,1,-71.5987803,-33.0575619
1957,1,10,14,1,-71.4966819,-33.010614
1958,1,10,16,3,-71.2317931,-32.8383168
1959,1,10,18,1,-71.629089,-33.6405993
1960,1,10,19,1,-71.4471695,-33.050122
1961,1,10,20,2,-71.4091695,-32.7971234
1962,1,10,21,1,-71.4242109,-32.9277339
1963,1,10,23,1,-71.5196409,-33.0291442
1964,2,10,7,2,-71.5518545,-33.0263663
1965,2,10,12,1,-71.4125281,-33.0513578
1966,2,10,16,5,-71.5412862,-33.0171964
1967,2,10,17,4,-71.6050949,-33.0551067
1968,2,10,19,2,-71.6174759,-33.0468573
1969,3,10,3,1,-71.110126,-32.8394409
1970,3,10,9,3,-71.5486968,-33.0212062
1971,3,10,15,3,-71.4095056,-33.0481684
1972,3,10,19,1,-71.262803,-33.0206389
1973,4,10,2,4,-70.7211998,-32.7457523
1974,4,10,3,1,-70.731435,-32.7583009
1975,4,10,7,1,-71.5518545,-33.0263663
1976,4,10,21,3,-71.6676666,-33.451797
1977,4,10,23,1,-71.36248,-33.0435387
1978,5,10,6,6,-71.4976969,-33.0187557
1979,5,10,19,1,-71.4436718,-33.0573094
1980,5,10,22,1,-70.5979032,-32.834297
1981,6,10,20,1,-71.5105005,-32.9201027
1982,7,10,5,2,-71.2473555,-32.879997
1983,7,10,7,1,-71.5635077,-33.063098
1984,7,10,8,1,-71.4183974,-33.0522475
1985,7,10,11,3,-71.6956742,-33.3945033
1986,7,10,12,1,-70.599862,-32.8361336
1987,1,10,8,1,-71.5570157,-33.0431999
1988,1,10,13,1,-71.2390744,-32.8676354
1989,1,10,13,1,-71.533995,-33.0271728
1990,1,10,14,1,-71.3976648,-33.057103
1991,1,10,14,4,-70.6037447,-32.8394016
1992,1,10,17,1,-71.4067077,-33.0434953
1993,1,10,19,1,-71.4067541,-33.036089
1994,1,10,20,3,-71.531633,-33.0340976
1995,1,10,22,1,-71.5486644,-33.0179233
1996,1,10,23,2,-71.4656356,-33.0498432
1997,1,10,23,1,-71.547998,-33.0422645
1998,2,10,0,4,-71.5278611,-33.0336964
1999,2,10,2,1,-70.6888969,-32.949762
2000,2,10,12,1,-71.6084028,-33.0498255
2001,2,10,13,1,-70.6009955,-32.8286145
2002,2,10,13,4,-70.6868108,-32.754497
2003,2,10,13,4,-70.6868108,-32.754497
2004,2,10,15,1,-71.4849173,-33.0382824
2005,2,10,16,3,-71.2544532,-33.0067745
2006,2,10,17,1,-71.3841782,-33.0457125
2007,2,10,18,1,-71.2241971,-32.9966743
2008,2,10,18,1,-71.492547,-33.031264
2009,2,10,21,4,-71.4870617,-33.0019939
2010,2,10,22,1,-71.5434697,-33.0291383
2011,2,10,3,1,-71.6929387,-33.419322
2012,3,10,10,6,-71.3813295,-33.054002
2013,3,10,13,1,-71.2666658,-33.0088097
2014,3,10,18,3,-71.3501585,-33.0418998
2015,3,10,19,1,-71.5356807,-33.0279378
2016,3,10,21,1,-71.1967063,-32.8744059
2017,4,10,7,3,-71.5734887,-33.0297855
2018,4,10,11,2,-71.6114728,-33.6472393
2019,4,10,21,1,-71.5256196,-32.9873289
2020,4,10,22,3,-71.4541449,-33.0447918
2021,5,10,1,1,-71.5675244,-33.0236723
2022,5,10,3,4,-71.5221549,-33.0206291
2023,5,10,5,1,-71.5562632,-33.107494
2024,5,10,5,1,-71.5687345,-33.0295405
2025,5,10,11,1,-71.5026123,-32.991887
2026,5,10,16,1,-71.5114357,-33.0227149
2027,5,10,20,1,-71.4067541,-33.036089
2028,5,10,22,1,-71.2252656,-32.9898418
2029,6,10,0,4,-71.5754039,-33.0300959
2030,6,10,18,1,-71.2484331,-32.8850465
2031,6,10,21,1,-71.4501889,-33.0497193
2032,6,10,23,1,-71.4016237,-33.0521364
2033,7,10,5,1,-71.2551741,-33.0167977
2034,7,10,5,6,-71.5308679,-33.046283
2035,7,10,11,1,-71.4788646,-33.0263634
2036,7,10,21,1,-71.5391113,-33.0280382
2037,1,10,4,2,-71.580516,-33.0470032
2038,1,10,10,4,-109.434597,-27.1496839
2039,1,10,11,3,-71.54314,-33.0249457
2040,1,10,14,1,-71.3758683,-33.0564081
2041,1,10,19,1,-71.3659558,-33.0420609
2042,2,10,11,5,-71.5008309,-32.9981392
2043,2,10,16,1,-71.3447931,-33.0401585
2044,2,10,18,5,-71.4438405,-33.0489974
2045,3,10,2,3,-71.6053915,-33.0439559
2046,3,10,6,2,-70.794016,-32.1461404
2047,3,10,16,6,-71.5422813,-33.0133974
2048,3,10,17,1,-71.4339968,-33.0388991
2049,3,10,0,1,-71.6241458,-33.0470264
2050,4,10,2,1,-71.3828276,-33.0456867
2051,4,10,3,1,-71.5320388,-32.931856
2052,4,10,16,1,-71.3734165,-33.035248
2053,4,10,17,5,-71.4666379,-33.048217
2054,4,10,18,3,-71.5904764,-33.0564878
2055,4,10,21,1,-71.5666349,-33.0435715
2056,4,10,21,4,-71.551537,-33.0251315
2057,5,10,3,6,-71.3994907,-33.0597082
2058,5,10,8,1,-71.5844619,-33.0335862
2059,5,10,11,1,-71.5282923,-32.9822625
2060,5,10,17,1,-71.4206597,-33.065713
2061,5,10,20,5,-70.5945429,-32.837515
2062,5,10,23,1,-71.4252412,-33.0497723
2063,6,10,0,1,-71.5105005,-32.9201027
2064,6,10,12,1,-71.4981794,-33.0334734
2065,6,10,13,1,-71.412244,-32.7280534
2066,6,10,15,3,-71.6024251,-33.5159717
2067,6,10,17,1,-70.7175565,-32.7445106
2068,7,10,4,1,-71.5960565,-33.0464165
2069,7,10,20,2,-71.5437497,-33.0098837
2070,1,10,0,1,-71.4159581,-33.0607723
2071,1,10,2,2,-71.2091732,-32.8570374
2072,1,10,4,1,-71.5445088,-33.0392712
2073,1,10,5,5,-71.2753573,-32.9928071
2074,1,10,8,1,-71.4469391,-33.0512892
2075,1,10,15,1,-71.3735501,-33.0424859
2076,1,10,18,1,-71.6266918,-33.0532503
2077,1,10,18,1,-71.5412817,-33.0181792
2078,1,10,19,6,-71.5340073,-33.5576153
2079,1,10,23,3,-71.620307,-33.0451102
2080,2,10,0,6,-71.6163867,-33.608829
2081,2,10,3,1,-71.484428,-33.0019254
2082,2,10,8,6,-71.6163867,-33.608829
2083,2,10,9,6,-71.6163867,-33.608829
2084,2,10,16,1,-71.463408,-33.0443593
2085,2,10,18,1,-71.5008309,-32.9981392
2086,2,10,18,6,-71.2397725,-32.8722015
2087,2,10,21,3,-71.4385689,-33.0543043
2088,2,10,22,1,-71.066658,-32.4274773
2089,2,10,22,1,-71.4315821,-33.0552689
2090,2,10,23,3,-71.6270876,-33.0419146
2091,3,10,4,1,-71.4989602,-33.0325469
2092,3,10,5,1,-71.5035154,-33.0234682
2093,3,10,10,1,-71.4778148,-32.7167344
2094,3,10,15,3,-71.3735501,-33.0424859
2095,3,10,19,2,-71.546654,-33.0115857
2096,3,10,21,1,-71.4746743,-33.0451751
2097,3,10,22,1,-71.4098855,-33.042078
2098,3,10,22,6,-70.7038718,-32.7525913
2099,3,10,23,1,-71.3924715,-33.0597145
2100,3,10,23,1,-71.5286378,-33.0332294
2101,4,10,2,4,-70.596165,-32.8417768
2102,4,10,13,1,-71.4175973,-33.0565044
2103,4,10,21,4,-71.5043975,-33.0221895
2104,4,10,21,6,-71.1461411,-32.7963317
2105,5,10,0,3,-71.5249741,-32.9644204
2106,5,10,5,1,-71.4290603,-33.0478464
2107,5,10,6,2,-71.5039054,-33.032505
2108,5,10,13,1,-71.5266504,-32.7902078
2109,5,10,15,2,-71.5518545,-33.0263663
2110,5,10,18,1,-71.4778148,-32.7167344
2111,5,10,21,1,-71.4067077,-33.0434953
2112,6,11,3,1,-71.4440235,-32.5075486
2113,6,11,18,2,-70.591557,-32.7468546
2114,6,11,22,1,-71.4518712,-32.5066176
2115,7,11,1,1,-71.5105005,-32.9201027
2116,7,11,20,6,-71.6044023,-33.5467786
2117,7,11,21,1,-71.2355524,-32.4500671
2118,7,11,21,4,-71.5437497,-33.0098837
2119,1,11,6,1,-71.4842581,-33.0009207
2120,1,11,7,1,-71.6024251,-33.5159717
2121,1,11,7,5,-71.4083706,-33.0613166
2122,1,11,8,6,-71.2453655,-32.8895139
2123,1,11,20,1,-71.5694837,-33.0653505
2124,2,11,6,1,-71.4173196,-33.0496792
2125,2,11,8,2,-71.6388447,-33.0290018
2126,2,11,13,1,-71.4388714,-32.9258817
2127,2,11,18,1,-71.413499,-33.0445191
2128,2,11,20,4,-71.546944,-33.0265738
2129,2,11,23,4,-71.6222441,-33.0444264
2130,3,11,2,1,-71.4977896,-33.0184961
2131,3,11,8,1,-71.556894,-33.023666
2132,3,11,9,6,-71.5641628,-33.1157935
2133,3,11,11,1,-71.3745729,-33.048197
2134,3,11,17,3,-71.3807167,-33.0438085
2135,4,11,7,1,-71.6528229,-33.0537137
2136,4,11,11,3,-71.5518545,-33.0263663
2137,4,11,21,1,-71.5574236,-33.0200985
2138,4,11,22,3,-71.5442521,-32.9843351
2139,5,11,12,2,-71.564957,-33.1261559
2140,5,11,16,4,-71.5454509,-33.0072493
2141,5,11,20,1,-71.5628915,-33.0262547
2142,5,11,21,1,-71.5043975,-33.0221895
2143,6,11,3,1,-71.6050949,-33.0551067
2144,6,11,3,6,-71.2642268,-32.9859099
2145,6,11,16,1,-71.5533983,-33.0126984
2146,6,11,18,2,-71.4096198,-32.7288361
2147,7,11,4,1,-71.489505,-33.0201432
2148,7,11,5,3,-71.432278,-33.0474045
2149,7,11,11,1,-71.3734273,-33.0415632
2150,7,11,22,1,-71.2458465,-32.8883282
2151,1,11,22,3,-71.3947562,-33.049087
2152,1,11,22,4,-71.5341096,-33.0317099
2153,1,11,23,2,-71.5077349,-32.9206228
2154,2,11,9,1,-71.5412817,-33.0181792
2155,2,11,10,2,-71.5425219,-32.9632013
2156,2,11,17,1,-70.6914961,-32.761774
2157,2,11,21,2,-71.5069449,-33.0263943
2158,3,11,0,1,-71.60688,-33.0529369
2159,3,11,6,6,-71.5077349,-32.9206228
2160,3,11,10,6,-71.4232968,-33.063812
2161,3,11,15,2,-71.4956608,-32.7943039
2162,4,11,0,1,-71.2224868,-32.8332808
2163,4,11,5,6,-71.6132377,-33.5808615
2164,4,11,5,6,-71.6132377,-33.5808615
2165,4,11,15,3,-71.5391113,-33.0280382
2166,4,11,22,6,-71.1773191,-33.0009569
2167,4,11,22,1,-70.5961064,-32.8337297
2168,4,11,23,2,-71.2241971,-32.9966743
2169,5,11,0,1,-71.5860601,-33.0336301
2170,5,11,8,1,-71.4488211,-33.0460493
2171,5,11,16,3,-71.2753573,-32.9928071
2172,5,11,18,1,-71.4379868,-33.0449168
2173,5,11,19,4,-71.5470659,-33.0103682
2174,5,11,21,6,-71.6120351,-33.6029701
2175,5,11,23,3,-71.3620921,-33.0616707
2176,6,11,0,2,-71.4384306,-33.0503998
2177,6,11,2,1,-71.2551741,-33.0167977
2178,6,11,4,6,-71.5688063,-33.0312111
2179,6,11,8,1,-71.3657407,-33.0438484
2180,6,11,14,1,-71.4053896,-33.0588578
2181,6,11,16,3,-71.5518545,-33.0263663
2182,6,11,17,5,-71.0677241,-33.0306474
2183,6,11,19,1,-71.4258424,-33.0499292
2184,6,11,21,1,-71.546654,-33.0115857
2185,7,11,5,6,-70.7038718,-32.7525913
2186,7,11,5,6,-70.7038718,-32.7525913
2187,7,11,7,6,-70.7038718,-32.7525913
2188,7,11,10,6,-70.7038718,-32.7525913
2189,7,11,10,6,-70.7038718,-32.7525913
2190,7,11,11,6,-70.7038718,-32.7525913
2191,7,11,12,2,-71.5077349,-32.9206228
2192,7,11,14,6,-71.4778148,-32.7167344
2193,7,11,23,1,-71.4135955,-33.046031
2194,1,11,6,1,-71.5703071,-33.0524045
2195,1,11,23,2,-71.5408919,-33.0104669
2196,2,11,2,4,-71.4408573,-33.050334
2197,2,11,8,1,-71.5308376,-33.0368108
2198,2,11,12,1,-71.5453157,-32.9561764
2199,3,11,0,6,-71.234052,-32.8594803
2200,3,11,7,1,-71.5648851,-33.0650324
2201,3,11,9,1,-71.3665399,-33.0353007
2202,3,11,9,6,-71.2096445,-32.6873624
2203,3,11,16,6,-71.2096445,-32.6873624
2204,4,11,3,5,-71.5996343,-33.0413318
2205,4,11,7,1,-71.4959569,-33.0342944
2206,4,11,8,1,-70.5632222,-32.8313423
2207,4,11,10,1,-71.2453655,-32.8895139
2208,4,11,11,1,-71.5008309,-32.9981392
2209,4,11,14,1,-71.5269182,-32.7794181
2210,4,11,16,2,-71.5443549,-32.9399124
2211,4,11,20,2,-71.6291998,-33.0305221
2212,4,11,21,4,-109.431045,-27.1563842
2213,4,11,21,2,-71.4731364,-33.0473517
2214,5,11,6,6,-71.6132377,-33.5808615
2215,5,11,20,2,-71.3687111,-33.0453638
2216,5,11,22,1,-71.5008309,-32.9981392
2217,5,11,23,1,-71.5830879,-33.0458732
2218,5,11,23,2,-71.2656751,-33.0115078
2219,6,11,0,3,-71.5599036,-33.0577821
2220,6,11,1,1,-71.5046231,-33.0019218
2221,6,11,3,1,-71.4778148,-32.7167344
2222,6,11,4,1,-71.5140313,-32.9236353
2223,6,11,13,1,-71.6027302,-33.5151347
2224,6,11,14,1,-71.5479946,-33.0400956
2225,6,11,17,1,-71.5331646,-32.7748377
2226,7,11,0,6,-71.3735501,-33.0424859
2227,7,11,6,1,-71.1353555,-33.0255929
2228,7,11,6,1,-71.2666658,-33.0088097
2229,7,11,11,3,-71.4404017,-33.0494093
2230,7,11,14,2,-71.536143,-32.97828
2231,7,11,15,2,-71.6199252,-33.0451705
2232,7,11,16,1,-71.5077349,-32.9206228
2233,7,11,19,1,-71.5170116,-32.9974068
2234,7,11,23,2,-71.4115086,-33.0614591
2235,7,11,7,2,-71.3743416,-33.0489209
2236,1,11,6,6,-71.4968539,-32.9873952
2237,1,11,8,1,-71.2722053,-33.0046775
2238,1,11,8,1,-71.5008309,-32.9981392
2239,1,11,12,6,-70.9440106,-32.8459601
2240,1,11,22,3,-71.5279247,-33.0306423
2241,2,11,0,6,-71.4517002,-33.0522652
2242,2,11,3,1,-71.6037942,-33.5946769
2243,2,11,3,1,-71.2666658,-33.0088097
2244,2,11,14,1,-71.5478921,-33.026438
2245,2,11,22,2,-71.54314,-33.0249457
2246,2,11,22,2,-71.54314,-33.0249457
2247,3,11,3,5,-71.5863056,-33.0629522
2248,3,11,4,1,-71.5904764,-33.0564878
2249,3,11,7,1,-70.5945137,-32.8504048
2250,3,11,8,5,-71.5523503,-33.0139308
2251,3,11,9,4,-71.3745831,-33.0396986
2252,3,11,12,6,-71.6856802,-33.3976876
2253,3,11,16,2,-71.4083558,-33.0482646
2254,4,11,5,1,-71.5579463,-33.0608423
2255,4,11,6,5,-71.560206,-33.1171703
2256,4,11,7,1,-71.5048333,-33.0008883
2257,4,11,9,5,-71.4279226,-33.0475606
2258,4,11,10,5,-71.545625,-33.0127989
2259,4,11,19,2,-71.4214935,-33.0457115
2260,4,11,20,1,-71.6127012,-33.5927584
2261,5,11,0,1,-71.5793046,-33.0441959
2262,5,11,17,2,-71.4329357,-32.6441845
2263,5,11,20,1,-71.5518545,-33.0263663
2264,5,11,21,1,-71.6122775,-33.5814327
2265,6,11,3,3,-71.6814523,-33.4143103
2266,6,11,3,1,-71.5804223,-33.0384463
2267,6,11,3,6,-71.5077349,-32.9206228
2268,6,11,4,2,-71.5444143,-32.9584665
2269,6,11,5,2,-71.6455134,-33.0341444
2270,6,11,6,1,-71.5024031,-32.9948473
2271,6,11,9,1,-71.6053915,-33.0439559
2272,6,11,11,1,-70.5871314,-32.8498597
2273,6,11,16,6,-71.4831381,-33.598246
2274,6,11,20,1,-71.6107242,-33.6128648
2275,6,11,21,1,-71.5520726,-33.1135847
2276,6,11,22,2,-71.5518545,-33.0263663
2277,6,11,22,1,-71.5408919,-33.0104669
2278,7,11,3,4,-71.1906084,-32.7829659
2279,7,11,4,1,-71.5518545,-33.0263663
2280,7,11,5,1,-71.5284701,-32.9845037
2281,7,11,7,1,-71.5469288,-33.0221567
2282,7,11,7,4,-71.3742312,-33.04483
2283,1,12,9,3,-71.5444143,-32.9584665
2284,1,12,9,2,-71.5818599,-33.0341782
2285,1,12,10,2,-71.2739003,-32.9392508
2286,1,12,10,6,-71.632204,-33.0545656
2287,1,12,16,6,-71.4952287,-33.1936321
2288,1,12,17,3,-71.4385689,-33.0543043
2289,1,12,18,1,-70.9548546,-32.8415491
2290,2,12,0,2,-71.3862423,-33.0447168
2291,2,12,8,4,-71.3828276,-33.0456867
2292,3,12,0,1,-71.5694837,-33.0653505
2293,3,12,7,1,-71.5518545,-33.0263663
2294,3,12,12,1,-71.4315821,-33.0552689
2295,3,12,20,5,-71.4812528,-33.0305494
2296,3,12,21,1,-71.3642317,-33.0438446
2297,4,12,1,3,-71.2393637,-33.0282964
2298,4,12,22,1,-71.2593669,-33.0061909
2299,5,12,0,4,-109.349576,-27.1259593
2300,5,12,2,4,-71.3957414,-33.042561
2301,5,12,3,4,-71.6076804,-33.597822
2302,5,12,7,4,-71.2344883,-32.8644455
2303,5,12,8,3,-71.3911699,-33.0615177
2304,5,12,21,2,-71.5994453,-33.583208
2305,5,12,23,3,-71.5412646,-33.0204174
2306,7,12,4,1,-71.2149367,-32.7844756
2307,7,12,11,1,-71.4313676,-33.0593517
2308,7,12,23,2,-71.541883,-33.0239619
2309,1,12,0,1,-71.6078581,-33.6192932
2310,1,12,21,1,-71.5105005,-32.9201027
2311,2,12,13,2,-71.5444143,-32.9584665
2312,2,12,13,6,-70.731435,-32.7583009
2313,2,12,14,1,-71.3740125,-33.0562222
2314,2,12,15,1,-71.5437497,-33.0098837
2315,2,12,17,1,-71.5341096,-33.0317099
2316,2,12,19,1,-71.4778148,-32.7167344
2317,2,12,22,4,-71.5389033,-32.9546785
2318,2,12,22,2,-71.5968991,-33.0372562
2319,3,12,0,1,-71.6073115,-33.5640877
2320,3,12,3,6,-71.6156101,-33.0523029
2321,3,12,8,2,-71.4384458,-33.0578538
2322,3,12,8,1,-70.612329,-32.8406229
2323,3,12,11,2,-71.5449476,-32.9384849
2324,3,12,11,6,-71.4067312,-32.7306887
2325,3,12,20,6,-71.5299815,-33.5683125
2326,3,12,21,2,-71.6436696,-33.0569265
2327,3,12,22,2,-71.5045382,-32.7932088
2328,4,12,4,1,-71.6660993,-33.3728045
2329,4,12,9,6,-71.4067312,-32.7306887
2330,4,12,14,1,-71.5471794,-32.9851934
2331,4,12,22,1,-71.5675244,-33.0236723
2332,4,12,23,1,-71.145221,-32.8000578
2333,5,12,6,1,-70.5964248,-32.8299854
2334,5,12,7,1,-70.6005248,-32.8273803
2335,5,12,9,1,-71.6130322,-33.0465672
2336,5,12,18,1,-71.5711042,-33.1180658
2337,5,12,20,3,-71.6443298,-33.0446405
2338,5,12,22,1,-71.2389189,-32.8670508
2339,5,12,22,2,-71.1953821,-32.7846253
2340,5,12,22,1,-71.260217,-32.8904111
2341,5,12,23,2,-71.51148,-32.9958077
2342,6,12,0,2,-71.5630464,-33.0283334
2343,6,12,1,1,-71.3921978,-33.0501302
2344,6,12,3,1,-71.2044992,-32.7850866
2345,6,12,8,1,-71.6303379,-33.0364395
2346,6,12,9,3,-71.5286203,-32.7832013
2347,6,12,14,1,-71.5389033,-32.9546785
2348,6,12,22,1,-71.5763674,-33.0577113
2349,7,12,2,3,-71.3735501,-33.0424859
2350,7,12,2,1,-70.7363197,-32.743215
2351,7,12,4,1,-71.515625,-32.9276876
2352,7,12,8,2,-71.4728698,-33.0428649
2353,7,12,18,1,-71.6132377,-33.5808615
2354,7,12,19,4,-70.731435,-32.7583009
2355,7,12,23,3,-71.531633,-33.0340976
2356,1,12,0,2,-71.5077349,-32.9206228
2357,1,12,1,2,-71.3642786,-33.0660092
2358,1,12,8,1,-71.5025955,-32.788977
2359,1,12,10,1,-71.5412646,-33.0204174
2360,1,12,20,1,-71.2753573,-32.9928071
2361,2,12,0,1,-71.5469288,-33.0221567
2362,2,12,3,2,-71.5334997,-32.9821661
2363,2,12,7,2,-71.5043975,-33.0221895
2364,2,12,9,1,-71.5286203,-32.7832013
2365,2,12,11,2,-71.4242109,-32.9277339
2366,2,12,23,1,-70.5795964,-32.834465
2367,3,12,9,6,-71.5479946,-33.0400956
2368,3,12,20,3,-71.547998,-33.0422645
2369,4,12,1,3,-71.5784124,-33.04716
2370,4,12,3,2,-71.5384701,-32.9508514
2371,4,12,17,1,-71.531559,-32.9713741
2372,4,12,22,2,-71.545492,-32.9530882
2373,5,12,1,5,-71.5392361,-32.9773258
2374,5,12,3,1,-70.609911,-32.8283886
2375,5,12,7,1,-71.5818673,-33.0376601
2376,5,12,23,1,-71.4156285,-33.0491821
2377,6,12,19,1,-71.5830879,-33.0458732
2378,6,12,22,1,-71.2303432,-32.8182375
2379,6,12,22,1,-71.3591215,-33.0424772
2380,7,12,2,1,-71.6296669,-33.0344513
2381,7,12,3,1,-71.6132377,-33.5808615
2382,7,12,13,2,-71.4182547,-33.0463752
2383,7,12,19,1,-71.2644805,-32.8796074
2384,7,12,21,3,-71.4390419,-33.0533474
2385,7,12,22,2,-71.5009266,-32.9964437
2386,1,12,2,1,-71.5293528,-33.0378841
2387,1,12,4,1,-71.4396961,-33.0474558
2388,1,12,7,1,-71.4880451,-33.0330057
2389,1,12,16,2,-71.1843363,-32.7781416
2390,1,12,19,1,-71.4778148,-32.7167344
2391,1,12,20,2,-71.4983718,-33.0235874
2392,2,12,4,2,-71.6183421,-33.6057734
2393,2,12,11,2,-71.545492,-32.9530882
2394,2,12,18,1,-70.5997191,-32.8264825
2395,2,12,22,3,-71.530369,-32.9343444
2396,2,12,23,2,-71.5176469,-32.9971404
2397,3,12,3,1,-71.6235262,-33.0505978
2398,3,12,5,3,-71.5417948,-32.9322166
2399,3,12,8,1,-71.2431117,-32.8866927
2400,3,12,18,1,-71.605043,-33.5536616
2401,3,12,19,5,-70.6095572,-32.829607
2402,4,12,12,1,-71.5146696,-33.0225865
2403,4,12,14,1,-70.624817,-32.8599652
2404,4,12,22,1,-71.6301169,-33.0396334
2405,5,12,4,1,-71.6390095,-33.0267473
2406,5,12,20,1,-71.5407509,-32.9449176
2407,5,12,22,1,-71.4557796,-33.044939
2408,6,12,0,1,-71.5518545,-33.0263663
2409,6,12,0,6,-71.6012523,-33.048819
2410,6,12,2,1,-71.370949,-33.0517289
2411,6,12,3,1,-71.6945532,-33.3983127
2412,6,12,3,3,-71.5663905,-33.0210915
2413,6,12,5,1,-71.5987803,-33.0575619
2414,7,12,0,5,-71.546654,-33.0115857
2415,7,12,1,3,-71.5402595,-32.9410994
2416,7,12,3,2,-71.5362463,-32.9806613
2417,7,12,12,5,-71.4290603,-33.0478464
2418,7,12,17,1,-71.497532,-32.9211009
2419,1,12,0,1,-71.6103658,-33.5541346
2420,1,12,1,6,-71.285034,-32.4478785
2421,1,12,1,6,-71.4778148,-32.7167344
2422,1,12,8,1,-71.26577,-32.7621698
2423,1,12,13,1,-71.4751503,-32.9952029
2424,1,12,17,2,-71.2445136,-32.8945736
2425,1,12,23,1,-71.5425219,-32.9632013
2426,2,12,1,2,-71.5229298,-33.0332896
2427,2,12,2,2,-71.5392361,-32.9773258
2428,2,12,6,1,-71.6856802,-33.3976876
2429,2,12,7,6,-71.6183421,-33.6057734
2430,2,12,7,2,-71.5248768,-32.9709877
2431,2,12,9,2,-71.5150466,-33.0367512
2432,2,12,12,1,-71.5077349,-32.9206228
2433,2,12,13,1,-71.4448906,-33.0573365
2434,2,12,17,1,-70.599434,-32.8350955
2435,2,12,23,1,-70.5948816,-32.8341016
2436,2,12,23,1,-71.3827296,-33.0523446
2437,3,12,0,6,-71.2344245,-32.8605008
2438,3,12,2,1,-71.2188721,-32.8595473
2439,3,12,21,1,-71.6074600,-33.5947300
2440,3,12,22,1,-70.5949835,-32.8544153
